2005-01-24	1240	1254	1236
2005-01-25	1245	1259.79	1232
2005-01-26	1249	1251	1234
2005-01-27	1235	1248	1231
2005-01-28	1243	1245	1225
2005-01-31	1240	1240	1227.12
2005-02-01	1279	1279	1279
2005-02-02	1280	1321	1261
2005-02-03	1298	1305	1275
2005-02-04	1279	1288	1268.26
2005-02-07	1299	1311	1285.21
2005-02-08	1308	1319	1298
2005-02-09	1298	1316	1285
2005-02-10	1295	1313	1286.86
2005-02-11	1308	1329	1303
2005-02-14	1327	1327	1309
2005-02-15	1313	1327	1312
2005-02-16	1330	1337	1322
2005-02-17	1329	1345	1326
2005-02-18	1336	1354	1333
2005-02-21	1354	1355	1335
2005-02-22	1345	1350	1321
2005-02-23	1305	1305	1305
2005-02-24	1309	1310	1281
2005-02-25	1295	1301	1280.54
2005-02-28	1307	1327	1292
2005-03-01	1293	1306	1290
2005-03-02	1296	1308.46	1282
2005-03-03	1291	1316.83	1291
2005-03-04	1316	1316	1300
2005-03-07	1318	1326	1312
2005-03-08	1307	1324	1306
2005-03-09	1287	1287	1287
2005-03-10	1282	1289.65	1249
2005-03-11	1267	1288.91	1244
2005-03-14	1254	1263	1238
2005-03-15	1245	1259	1241
2005-03-16	1375.72	1408.66	1328.65
2005-03-17	1276	1290	1264
2005-03-18	1283	1298	1283
2005-03-21	1296	1298.2	1274
2005-03-22	1283	1285	1267
2005-03-23	1269	1277	1262
2005-03-24	1265	1270	1254
2005-03-25	1255	1255	1255
2005-03-28	1255	1255	1255
2005-03-29	1248	1248	1248
2005-03-30	1238	1253.88	1235
2005-03-31	1257	1263	1247
2005-04-01	1269	1279	1248.38
2005-04-04	1270	1270	1255
2005-04-05	1274	1274	1258
2005-04-06	1275	1278	1263.74
2005-04-07	1272	1272	1272
2005-04-08	1272	1280	1262
2005-04-11	1270	1270	1270
2005-04-12	1269	1276	1264
2005-04-13	1277	1280	1234
2005-04-14	1230	1255	1210.27
2005-04-15	1220	1238.94	1200.32
2005-04-18	1210	1220	1186
2005-04-19	1195	1195	1195
2005-04-20	1200	1226.9	1179
2005-04-21	1178	1192.15	1176
2005-04-22	1190	1193	1177.91
2005-04-25	1177	1194	1173.01
2005-04-26	1177	1177	1177
2005-04-27	1179	1181	1149.01
2005-04-28	1163	1163	1119
2005-04-29	1161	1161	1161
2005-05-02	1161	1161	1161
2005-05-03	1183	1183	1183
2005-05-04	1184	1184	1184
2005-05-05	1186	1199.21	1180
2005-05-06	1196	1225	1192
2005-05-09	1235	1241	1210
2005-05-10	1224	1224	1201
2005-05-11	1202	1202	1202
2005-05-12	1204	1215	1198
2005-05-13	1189	1189	1189
2005-05-16	1185	1202.4	1173
2005-05-17	1199	1220	1195
2005-05-18	1249	1249	1249
2005-05-19	1260	1267	1248
2005-05-20	1276	1276	1276
2005-05-23	1286	1292	1263.52
2005-05-24	1300	1300	1300
2005-05-25	1300	1300	1275
2005-05-26	1290	1325	1279
2005-05-27	1327	1329	1318
2005-05-30	1324	1324	1324
2005-05-31	1312	1312	1312
2005-06-01	1334	1334	1334
2005-06-02	1338	1338	1320
2005-06-03	1329	1329	1329
2005-06-06	1336	1342	1320
2005-06-07	1319	1323	1305.75
2005-06-08	1316	1316	1316
2005-06-09	1315	1318	1309.38
2005-06-10	1325	1325	1306
2005-06-13	1314	1332	1313.48
2005-06-14	1332	1332	1307.38
2005-06-15	1329	1329	1308
2005-06-16	1320	1355	1320
2005-06-17	1344	1359	1341
2005-06-20	1344	1344	1344
2005-06-21	1343	1345	1314
2005-06-22	1325	1332	1314
2005-06-23	1312	1344.68	1308
2005-06-24	1308	1312	1281
2005-06-27	1286	1292	1273
2005-06-28	1285	1304	1285
2005-06-29	1300	1304	1284
2005-06-30	1298	1320	1298
2005-07-01	1311	1325.48	1301.41
2005-07-04	1327	1339	1306
2005-07-05	1342	1342	1286.11
2005-07-06	1321	1330.74	1308
2005-07-07	1323	1325	1256
2005-07-08	1312	1312	1312
2005-07-11	1320	1329	1311.97
2005-07-12	1327	1330	1320.47
2005-07-13	1330	1344	1324
2005-07-14	1343	1353.03	1335
2005-07-15	1340	1344	1328
2005-07-18	1332	1345	1323
2005-07-19	1332	1332	1301
2005-07-20	1326	1351.8	1305.14
2005-07-21	1340	1388.83	1336.39
2005-07-22	1376	1397	1364.18
2005-07-25	1388	1404.39	1376.62
2005-07-26	1391	1403	1385
2005-07-27	1403	1426	1398
2005-07-28	1425	1427.17	1398.7
2005-07-29	1440	1440	1440
2005-08-01	1444	1444	1413
2005-08-02	1436	1436	1436
2005-08-03	1463	1463	1463
2005-08-04	1444	1477	1437.84
2005-08-05	1458	1495	1458
2005-08-08	1500	1500	1500
2005-08-09	1491	1491	1491
2005-08-10	1491	1510.54	1471
2005-08-11	1475	1487	1460
2005-08-12	1476	1485	1466.92
2005-08-15	1476	1482.45	1467
2005-08-16	1475	1477	1450
2005-08-17	1428	1438.15	1402
2005-08-18	1410	1412.32	1391
2005-08-19	1402	1414	1396
2005-08-22	1411	1427.09	1411
2005-08-23	1415	1426	1411
2005-08-24	1412	1412	1372.25
2005-08-25	1362	1381	1357
2005-08-26	1383	1386	1365
2005-08-29	1373	1373	1373
2005-08-30	1373	1390	1370
2005-08-31	1384	1409	1369.67
2005-09-01	1408	1425	1402
2005-09-02	1429	1429	1429
2005-09-05	1429	1429	1429
2005-09-06	1434	1442	1417
2005-09-07	1441	1448	1435
2005-09-08	1449	1449	1431
2005-09-09	1435	1445	1435
2005-09-12	1450	1450.25	1436
2005-09-13	1441	1444	1425
2005-09-14	1430	1447	1430
2005-09-15	1450	1480	1442.8
2005-09-16	1554	1554	1554
2005-09-19	1549	1576	1528.06
2005-09-20	1601	1601	1601
2005-09-21	1605	1605	1605
2005-09-22	1614	1614	1614
2005-09-23	1615	1639	1611
2005-09-26	1650	1673	1550.42
2005-09-27	1672	1690	1635
2005-09-28	1650	1712	1642
2005-09-29	1715	1735	1662
2005-09-30	1700	1705	1666
2005-10-03	1692	1710	1649
2005-10-04	1673	1673	1641.36
2005-10-05	1630	1649.93	1591
2005-10-06	1580	1658	1562
2005-10-07	1627	1627	1627
2005-10-10	1628	1650	1613.32
2005-10-11	1663	1663	1663
2005-10-12	1662	1668	1647
2005-10-13	1584	1584	1584
2005-10-14	1582	1598	1569.76
2005-10-17	1574	1609	1567.24
2005-10-18	1618	1632	1584
2005-10-19	1531	1531	1531
2005-10-20	1565	1576	1518
2005-10-21	1525	1537	1497
2005-10-24	1575	1575	1575
2005-10-25	1563	1563	1563
2005-10-26	1658	1658	1658
2005-10-27	1657	1682	1642
2005-10-28	1637	1655.07	1562.49
2005-10-31	1650	1674	1634.56
2005-11-01	1667	1689	1647.43
2005-11-02	1679	1687	1649
2005-11-03	1684	1709	1673.98
2005-11-04	1700	1708	1677
2005-11-07	1682	1706.56	1662
2005-11-08	1702	1739	1673
2005-11-09	1729	1741.6	1702
2005-11-10	1729	1729	1729
2005-11-11	1745	1782	1727
2005-11-14	1785	1800	1769
2005-11-15	1782	1816	1777
2005-11-16	1819	1819	1763
2005-11-17	1795	1829	1782
2005-11-18	1836	1836	1836
2005-11-21	1848	1854	1809.92
2005-11-22	1846	1865	1828
2005-11-23	1840	1853	1830
2005-11-24	1876	1876	1876
2005-11-25	1879	1879	1879
2005-11-28	1890	1891	1835.3
2005-11-29	1845	1870	1832
2005-11-30	1859	1859	1811
2005-12-01	1824	1839	1799
2005-12-02	1846	1869	1834
2005-12-05	1863	1863	1820
2005-12-06	1822	1854	1811
2005-12-07	1858	1858	1858
2005-12-08	1848	1863	1834
2005-12-09	1873	1913	1865
2005-12-12	1900	1900	1900
2005-12-13	1890	1904	1870
2005-12-14	1893	1900	1873
2005-12-15	1869	1891	1862
2005-12-16	1860	1899	1860
2005-12-19	1893	1893	1893
2005-12-20	1903	1903	1903
2005-12-21	1897	1940	1897
2005-12-22	1935	1941	1925
2005-12-23	1943	1943	1943
2005-12-26	1943	1943	1943
2005-12-27	1943	1943	1943
2005-12-28	1970	1970	1949
2005-12-29	1967	1989	1966
2005-12-30	1974	1979	1955
2006-01-02	1979	1979	1979
2006-01-03	1992	2040	1992
2006-01-04	2049	2049	2049
2006-01-05	2045	2045	1991
2006-01-06	2007.01	2034	1965
2006-01-09	2042	2044	2007.01
2006-01-10	2011	2011	1944
2006-01-11	1973	1973	1973
2006-01-12	1979	2002	1966
2006-01-13	2000	2003	1961
2006-01-16	2027	2028	1982
2006-01-17	1976	2020	1969
2006-01-18	1974	1988	1956
2006-01-19	2007.01	2007.01	2007.01
2006-01-20	2016	2053	2005
2006-01-23	1998	2011	1983
2006-01-24	2018	2023	1981
2006-01-25	2073	2073	2073
2006-01-26	2083	2122	2065
2006-01-27	2187	2187	2187
2006-01-30	2200	2220	2154
2006-01-31	2170	2185	2130
2006-02-01	2201	2201	2201
2006-02-02	2205	2234	2162
2006-02-03	2180	2180	2127
2006-02-06	2158	2178	2144
2006-02-07	2156	2168	2077
2006-02-08	2023	2064	1988
2006-02-09	2085	2085	2085
2006-02-10	2080	2093	2024
2006-02-13	2050	2050	2050
2006-02-14	2042	2070	2025
2006-02-15	2063	2065	2025
2006-02-16	2038	2045	1998
2006-02-17	2024	2175	1995
2006-02-20	2130	2130	2130
2006-02-21	2140	2166	2128
2006-02-22	2199	2199	2199
2006-02-23	2213	2300	2179
2006-02-24	2189.01	2189.01	2110
2006-02-27	2164	2164	2164
2006-02-28	2151	2154	2116
2006-03-01	2162	2162	2162
2006-03-02	2160	2194	2120
2006-03-03	2148	2174	2125
2006-03-06	2146	2166	2120
2006-03-07	2050	2050	2050
2006-03-08	1990	1990	1990
2006-03-09	2005	2035	1947
2006-03-10	1978	1978	1978
2006-03-13	1999	2035	1954
2006-03-14	1975	1999	1966
2006-03-15	2047	2047	2047
2006-03-16	2066	2066	2066
2006-03-17	2035	2035	2035
2006-03-20	2100	2126	2057
2006-03-21	2068	2068	2015
2006-03-22	2036	2038	2005
2006-03-23	2065	2103	2053
2006-03-24	2152	2152	2152
2006-03-27	2147	2147	2147
2006-03-28	2153	2157	2125
2006-03-29	2135	2175	2127
2006-03-30	2168	2265	2168
2006-03-31	2254	2276	2211
2006-04-03	2259	2294	2235
2006-04-04	2327	2327	2327
2006-04-05	2364	2392	2346
2006-04-06	2405	2415	2354
2006-04-07	2391	2393	2316
2006-04-10	2341	2408	2325
2006-04-11	2458	2485	2418
2006-04-12	2393	2393	2393
2006-04-13	2406	2414	2340
2006-04-14	2366	2366	2366
2006-04-17	2366	2366	2366
2006-04-18	2414	2425	2399
2006-04-19	2442	2462.01	2431
2006-04-20	2465	2475	2363
2006-04-21	2460	2460	2460
2006-04-24	2464	2527	2451
2006-04-25	2457	2479	2411
2006-04-26	2438	2454	2409
2006-04-27	2334	2334	2334
2006-04-28	2320	2367	2289
2006-05-01	2335	2335	2335
2006-05-02	2345	2413	2345
2006-05-03	2419	2467	2360
2006-05-04	2400	2400	2400
2006-05-05	2404	2490	2401
2006-05-08	2501	2700	2427
2006-05-09	2527	2527	2527
2006-05-10	2549	2549	2549
2006-05-11	2556	2607	2537
2006-05-12	2502	2521	2412
2006-05-15	2282	2282	2282
2006-05-16	2215	2215	2215
2006-05-17	2250	2298	2051
2006-05-18	2080	2080	2080
2006-05-19	2063	2140	2022
2006-05-22	1905	1905	1905
2006-05-23	2080	2080	2080
2006-05-24	2016	2016	2016
2006-05-25	2010	2091	1977
2006-05-26	2110	2199	2110
2006-05-29	2165	2165	2165
2006-05-30	2116	2116	2116
2006-05-31	2050	2160	2000
2006-06-01	2154	2170	2060
2006-06-02	2137	2157	2071
2006-06-05	2118	2120	2073
2006-06-06	2035	2041	1966
2006-06-07	1980	1980	1980
2006-06-08	1845	1845	1845
2006-06-09	1936	1936	1936
2006-06-12	1920	2008	1892
2006-06-13	1861	1874	1823
2006-06-14	1882	1900	1806
2006-06-15	1894	2008	1888
2006-06-16	1980	1980	1980
2006-06-19	1970	2031	1970
2006-06-20	2087	2087	2087
2006-06-21	2092	2111	2057
2006-06-22	2140	2190	2078
2006-06-23	2100	2139	2055
2006-06-26	2120	2167	2112
2006-06-27	2095	2095	2095
2006-06-28	2089	2116	2050
2006-06-29	2110	2168	2081
2006-06-30	2218	2218	2218
2006-07-03	2253	2253	2253
2006-07-04	2253	2256	2234
2006-07-05	2233	2236	2171
2006-07-06	2197	2237	2175
2006-07-07	2260	2260	2260
2006-07-10	2271	2276	2211
2006-07-11	2220	2268	2214
2006-07-12	2270	2270	2270
2006-07-13	2243	2247	2173
2006-07-14	2137	2191	2134
2006-07-17	2151	2151	2094
2006-07-18	2074	2118	2064
2006-07-19	2104	2205	2086
2006-07-20	2210	2242	2154
2006-07-21	2139	2160	2094
2006-07-24	2105	2129	2093
2006-07-25	2127	2181	2127
2006-07-26	2138	2178	2127
2006-07-27	2221	2221	2221
2006-07-28	2196	2273	2173
2006-07-31	2260	2280.01	2206
2006-08-01	2235	2274	2204
2006-08-02	2224	2276	2215
2006-08-03	2223	2223	2223
2006-08-04	2330	2330	2330
2006-08-07	2312	2334	2285
2006-08-08	2317	2318	2274
2006-08-09	2271	2325	2245
2006-08-10	2295	2325	2250
2006-08-11	2308	2343	2289
2006-08-14	2350	2358	2316
2006-08-15	2334	2334	2334
2006-08-16	2351	2384	2335
2006-08-17	2403	2463	2400
2006-08-18	2410	2443	2366
2006-08-21	2410	2466	2365
2006-08-22	2470	2470	2470
2006-08-23	2420	2425	2379
2006-08-24	2342	2342	2342
2006-08-25	2345	2376	2318
2006-08-28	2358	2358	2358
2006-08-29	2369	2379	2275
2006-08-30	2284	2341	2280.01
2006-08-31	2345	2364	2261
2006-09-01	2331	2331	2331
2006-09-04	2337	2406	2329
2006-09-05	2395	2395	2395
2006-09-06	2327	2327	2327
2006-09-07	2314	2314	2231
2006-09-08	2258	2299	2214
2006-09-11	2177	2187	2104
2006-09-12	2122	2168	2099
2006-09-13	2156	2180	2141
2006-09-14	2165	2165	2165
2006-09-15	2149	2160	2093
2006-09-18	2175	2175	2175
2006-09-19	2190	2200	2128
2006-09-20	2117	2161	2059
2006-09-21	2144	2225	2144
2006-09-22	2181	2216	2125
2006-09-25	2060	2060	2060
2006-09-26	2090	2152	2075
2006-09-27	2161	2245	2161
2006-09-28	2249	2285	2239
2006-09-29	2233	2233	2233
2006-10-02	2245	2304	2245
2006-10-03	2288	2308	2212
2006-10-04	2185	2185	2185
2006-10-05	2230	2261	2202
2006-10-06	2235	2242	2196
2006-10-09	2224	2302	2213
2006-10-10	2285	2326	2257
2006-10-11	2320	2349	2275
2006-10-12	2311	2379	2304
2006-10-13	2374	2417	2336
2006-10-16	2415	2450	2411
2006-10-17	2433	2444	2346
2006-10-18	2382	2404	2371.01
2006-10-19	2431	2431	2431
2006-10-20	2454	2470	2387
2006-10-23	2460	2463	2385
2006-10-24	2390	2400	2346
2006-10-25	2404	2423	2380
2006-10-26	2443	2443	2344
2006-10-27	2374	2400	2331
2006-10-30	2366	2366	2366
2006-10-31	2359	2385	2337
2006-11-01	2415	2415	2415
2006-11-02	2400	2458	2377
2006-11-03	2415	2437	2383
2006-11-06	2401	2510	2401
2006-11-07	2504	2526	2482
2006-11-08	2454	2454	2454
2006-11-09	2464	2474	2428
2006-11-10	2465	2540	2444
2006-11-13	2441	2478	2401
2006-11-14	2447	2470	2422
2006-11-15	2457	2489	2413
2006-11-16	2487	2525	2468
2006-11-17	2398	2398	2398
2006-11-20	2416	2461	2380
2006-11-21	2431	2474	2426
2006-11-22	2466	2488	2401
2006-11-23	2427	2427	2387
2006-11-24	2395	2443	2372
2006-11-27	2444	2458	2383
2006-11-28	2370	2405	2335
2006-11-29	2393	2397	2344
2006-11-30	2362	2362	2362
2006-12-01	2365	2397	2330
2006-12-04	2378	2378	2378
2006-12-05	2391	2477	2382
2006-12-06	2467	2495	2442
2006-12-07	2458	2472	2429
2006-12-08	2403	2433	2395
2006-12-11	2431	2448	2416
2006-12-12	2460	2460	2432
2006-12-13	2435	2466	2433
2006-12-14	2517	2517	2517
2006-12-15	2515	2531	2497
2006-12-18	2485	2510	2468
2006-12-19	2488	2488	2488
2006-12-20	2508	2510	2453
2006-12-21	2461	2489	2427
2006-12-22	2432	2432	2432
2006-12-25	2432	2432	2432
2006-12-26	2432	2432	2432
2006-12-27	2477	2477	2477
2006-12-28	2493	2512	2465
2006-12-29	2475	2504	2457
2007-01-01	2491	2491	2491
2007-01-02	2553.01	2553.01	2553.01
2007-01-03	2550	2550	2449
2007-01-04	2420	2421	2384
2007-01-05	2379	2404	2330
2007-01-08	2332	2394	2314
2007-01-09	2391	2410	2359
2007-01-10	2357	2406	2350
2007-01-11	2422	2479	2400
2007-01-12	2436	2436	2436
2007-01-15	2446	2462.01	2430
2007-01-16	2410	2434	2385
2007-01-17	2360	2391	2305
2007-01-18	2340	2340	2340
2007-01-19	2321	2340	2307
2007-01-22	2351	2389	2343
2007-01-23	2354	2395	2344
2007-01-24	2417	2463	2399
2007-01-25	2436	2452	2410
2007-01-26	2400	2417	2361
2007-01-29	2395	2403	2352
2007-01-30	2388	2388	2388
2007-01-31	2364	2364	2364
2007-02-01	2410	2410	2410
2007-02-02	2405	2439	2369
2007-02-05	2360	2407	2353
2007-02-06	2402	2446	2393
2007-02-07	2450	2488	2415
2007-02-08	2444	2444	2444
2007-02-09	2467	2467	2467
2007-02-12	2445	2472	2420
2007-02-13	2495	2495	2495
2007-02-14	2521	2568	2521
2007-02-15	2575	2584	2536
2007-02-16	2561	2561	2516
2007-02-19	2585	2624	2564
2007-02-20	2615	2650	2576
2007-02-21	2552	2587	2511
2007-02-22	2566	2605	2538
2007-02-23	2608	2608	2608
2007-02-26	2630	2630	2630
2007-02-27	2507	2507	2507
2007-02-28	2416	2416	2416
2007-03-01	2388	2388	2388
2007-03-02	2397	2457	2342
2007-03-05	2355	2412	2325
2007-03-06	2417	2455	2403
2007-03-07	2421	2440	2405
2007-03-08	2450	2450	2450
2007-03-09	2445	2504	2426
2007-03-12	2540	2540	2494
2007-03-13	2516	2535	2478
2007-03-14	2397	2411	2354
2007-03-15	2420	2488	2412
2007-03-16	2470	2503	2440
2007-03-19	2525	2550	2501
2007-03-20	2540	2573	2501
2007-03-21	2609	2609	2609
2007-03-22	2648	2664	2613
2007-03-23	2640	2651	2613
2007-03-26	2652	2684	2605
2007-03-27	2653	2666	2628
2007-03-28	2620	2632	2582
2007-03-29	2673	2673	2673
2007-03-30	2684	2700	2665
2007-04-02	2680	2680	2680
2007-04-03	2700	2745	2696
2007-04-04	2760	2760	2698
2007-04-05	2743	2743	2743
2007-04-06	2743	2743	2743
2007-04-09	2743	2743	2743
2007-04-10	2780	2780	2780
2007-04-11	2782	2810	2745
2007-04-12	2754	2772	2718
2007-04-13	2739	2750	2706
2007-04-16	2752	2768	2731
2007-04-17	2758	2775	2709
2007-04-18	2785	2799	2693
2007-04-19	2643	2693	2628
2007-04-20	2699	2738	2691
2007-04-23	2740	2742	2697
2007-04-24	2716	2749	2659
2007-04-25	2690	2723	2667
2007-04-26	2738	2770	2665
2007-04-27	2678	2678	2678
2007-04-30	2669	2669	2669
2007-05-01	2665	2665	2616
2007-05-02	2676	2719	2676
2007-05-03	2715	2795	2700
2007-05-04	2801	2883	2800
2007-05-07	2880	2880	2880
2007-05-08	2927	2941	2802
2007-05-09	2929	2929	2929
2007-05-10	2852	2852	2852
2007-05-11	2795	2985	2793
2007-05-14	2965	2971	2849
2007-05-15	2850	2900	2835
2007-05-16	2876	2914	2852
2007-05-17	2894	2894	2799
2007-05-18	2875	2875	2875
2007-05-21	2973	2973	2973
2007-05-22	2972	3029	2949
2007-05-23	2973	2973	2973
2007-05-24	2950	2974	2896
2007-05-25	2940	2940	2940
2007-05-28	2940	2940	2940
2007-05-29	2951	2968	2930
2007-05-30	2915	2915	2915
2007-05-31	2940	3046	2940
2007-06-01	3042	3118	3036
2007-06-04	3100	3117	3062
2007-06-05	3080	3099.01	3044
2007-06-06	3075	3075	2932
2007-06-07	2976	2996	2887
2007-06-08	2890	2943	2854
2007-06-11	2975	2980	2939
2007-06-12	2951	2951	2951
2007-06-13	2907	3044	2907
2007-06-14	3070	3092	3010
2007-06-15	3163	3163	3163
2007-06-18	3180	3180	3121
2007-06-19	3155	3167	3063
2007-06-20	3100	3155	3084
2007-06-21	3059	3059	3059
2007-06-22	3037	3037	3037
2007-06-25	3000	3010	2932
2007-06-26	2985	2992	2945
2007-06-27	2907	2907	2907
2007-06-28	2906	2906	2906
2007-06-29	2945	2945	2945
2007-07-02	2910	3137	2870
2007-07-03	3135	3244	2965.29
2007-07-04	3190	3200	3159
2007-07-05	3217	3238	3156
2007-07-06	3168	3284	3157
2007-07-09	3302	3356.7	3223
2007-07-10	3306	3332	3173
2007-07-11	3180	3326	3165
2007-07-12	3282	3319	3236
2007-07-13	3352	3364	3212
2007-07-16	3278	3316	3240
2007-07-17	3270	3278	3213
2007-07-18	3169	3200	3100
2007-07-19	3137	3231.08	3119
2007-07-20	3202	3267.49	3118
2007-07-23	3165	3261	3165
2007-07-24	3254	3283	3133
2007-07-25	3100	3163	3020
2007-07-26	3070	3075	2853
2007-07-27	2829	2848	2720
2007-07-30	2751	2810	2729
2007-07-31	2794	2913	2782.55
2007-08-01	2790	2871	2752.86
2007-08-02	2816	2843	2743
2007-08-03	2840	2881	2751
2007-08-06	2710	2785	2666
2007-08-07	2730	2853.52	2728
2007-08-08	2852	2863.29	2758.82
2007-08-09	2841	2867	2740
2007-08-10	2716	2837	1334.32
2007-08-13	2670	2837	2594.8
2007-08-14	2803	2893	2726.9
2007-08-15	2739	2800.91	2656
2007-08-16	2630	2732.45	2451
2007-08-17	2484	2720	2539
2007-08-20	2599	2690	2265
2007-08-21	2635	2676	2578
2007-08-22	2621	2776	2621
2007-08-23	2848	2868	2728
2007-08-24	2728	2779	2699
2007-08-27	2763	2763	2763
2007-08-28	2770	2795	2702
2007-08-29	2700	2741	2657
2007-08-30	2735	2779	2666.43
2007-08-31	2826	2865	2716
2007-09-03	2872	2878.75	2816
2007-09-04	2847	2886	2801
2007-09-05	2865	2929	2834
2007-09-06	2885	2974	2831
2007-09-07	2935	2977	2768
2007-09-10	2780	2887.32	2707
2007-09-11	2750	2830	2726.54
2007-09-12	2820	2860	2750
2007-09-13	2816	2921	2793
2007-09-14	2886	2928	2705
2007-09-17	2868	2894	2823
2007-09-18	2821	2908	2817
2007-09-19	3027	3174	3000
2007-09-20	3098	3214	3092
2007-09-21	3182	3208	3147
2007-09-24	3160	3291	3160
2007-09-25	3257	3275.08	3133
2007-09-26	3171	3350	3161
2007-09-27	3261	3301	3187
2007-09-28	3280	3300	3238
2007-10-01	3250	3385	3220
2007-10-02	3390	3400	3258
2007-10-03	3289	3318	3245
2007-10-04	3232	3295	3188
2007-10-05	3269	3348.46	3251.22
2007-10-08	3341	3362	3027.29
2007-10-09	3255	3346	3213
2007-10-10	3310	3389	3308
2007-10-11	3396	3510	3324
2007-10-12	3435	3448	3345
2007-10-15	3442	3490	3396
2007-10-16	3398	3400	3288
2007-10-17	3290	3339	3223
2007-10-18	3326	3373	3217
2007-10-19	3239	3285	3176
2007-10-22	3100	3236.31	3008
2007-10-23	3080	3181.08	3072
2007-10-24	3106	3159	3035
2007-10-25	3105	3171	3095
2007-10-26	3200	3282	3164
2007-10-29	3318	3365	3280
2007-10-30	3334	3343.97	3253
2007-10-31	3272	3314	3225
2007-11-01	3344	3364	3142
2007-11-02	3136	3164	3056
2007-11-05	3040	3079	2969
2007-11-06	3085	3167	3085
2007-11-07	3201	3294.78	3155
2007-11-08	3111	3681	3061
2007-11-09	3558	3657	3395
2007-11-12	3482	3492	3237
2007-11-13	3315	3338.61	3177
2007-11-14	3290	3334.69	3236
2007-11-15	3295	3366	3178
2007-11-16	3180	3192	3074
2007-11-19	3099	3110.49	2846
2007-11-20	2914	2989	2787
2007-11-21	2876	2943.65	2807
2007-11-22	2850	2899	2745
2007-11-23	2840	3079	2823
2007-11-26	3050	3092	2888
2007-11-27	2870	2914.5	2668
2007-11-28	2830	2958	2705
2007-11-29	2980	3177	2930
2007-11-30	3159	3319	3120
2007-12-03	3295	3307	3178
2007-12-04	3201	3209	3085
2007-12-05	3161	3277	3153
2007-12-06	3273	3327	3186
2007-12-07	3269	3571	3400
2007-12-10	3380	3460	3371.76
2007-12-11	3425	3450	3319
2007-12-12	3264	3388	3243
2007-12-13	3205	3310.12	3159
2007-12-14	3227	3227	3009
2007-12-17	3018	3047	2931
2007-12-18	2939	3017	2873
2007-12-19	2988	2988	2880
2007-12-20	2926	2937	2862
2007-12-21	2931	3019	2918
2007-12-24	3021	3089	3016.86
2007-12-25	3079	3079	3079
2007-12-26	3079	3079	3079
2007-12-27	3090	3141	3068
2007-12-28	3075	3126	3061
2007-12-31	3068	3106	3039
2008-01-01	3080	3080	3080
2008-01-02	3047	3145	3012
2008-01-03	3041	3165	3015
2008-01-04	3130	3184	3019
2008-01-07	3035	3039	2864
2008-01-08	2931	3001	2912
2008-01-09	2931	3029	2825
2008-01-10	2893	2939	2800
2008-01-11	2821	2914	2755
2008-01-14	2870	2992	2844
2008-01-15	2971	3016	2857
2008-01-16	2819	2833	2709
2008-01-17	2750	2788.33	2571
2008-01-18	2617	2695	2531
2008-01-21	2526	2545.7	2310
2008-01-22	2245	2510	2167
2008-01-23	2537	2589	2410
2008-01-24	2625	2742	2580
2008-01-25	2681	2770	2575
2008-01-28	2560	2565	2418
2008-01-29	2514	2625	2500
2008-01-30	2585	2707	2565
2008-01-31	2700	2750	2624
2008-02-01	3050	3129	2870
2008-02-04	2920	3099	2894
2008-02-05	2930	2986	2798
2008-02-06	2760	2891	2745
2008-02-07	2857	2933	2840
2008-02-08	2950	3011	2897
2008-02-11	2930	2971	2887.32
2008-02-12	2976	3061	2927
2008-02-13	3007	3071	2972
2008-02-14	3121	3151	3052
2008-02-15	3100	3299	2972
2008-02-18	3043	3126	3018
2008-02-19	3086	3200	3086
2008-02-20	3090	3172	3050
2008-02-21	3200	3334	3193
2008-02-22	3220	3277	3155
2008-02-25	3215	3261.23	3136
2008-02-26	3205	3292	3161
2008-02-27	3325	3343	3240
2008-02-28	3300	3344	3251
2008-02-29	3290	3326.15	3197
2008-03-03	3170	3292	3137
2008-03-04	3271	3388	3271
2008-03-05	3379	3476	3325
2008-03-06	3495	3547	3407
2008-03-07	3393	3417	3291
2008-03-10	3272	3281	3144
2008-03-11	3126	3219	3102
2008-03-12	3150	3214	3173
2008-03-13	3190	3152	3061
2008-03-14	3156	3216	3065
2008-03-17	3040	3040	2929
2008-03-18	2982	3025	2867
2008-03-19	3071	3110	2888
2008-03-20	2780	2808	2673
2008-03-21	2673	2673	2673
2008-03-24	2673	2673	2673
2008-03-25	2800	2852	2740.67
2008-03-26	2791	2990	2786
2008-03-27	2936	3037	2936
2008-03-28	3011	3118	2990
2008-03-31	3005	3065	2948
2008-04-01	2987	3047	2904
2008-04-02	3030	3054	2915
2008-04-03	3070	3129	3033
2008-04-04	3109	3172	3075
2008-04-07	3240	3305	3240
2008-04-08	3240	3306	3198
2008-04-09	3279	3388	3250
2008-04-10	3349	3371	3273
2008-04-11	3395	3405	3284
2008-04-14	3308	3308	3214
2008-04-15	3240	3345	3235
2008-04-16	3329	3412	3294
2008-04-17	3425	3456	3359
2008-04-18	3440	3495	3311
2008-04-21	3393	3462	3372
2008-04-22	3438	3501	3399
2008-04-23	3485	3536	3416
2008-04-24	3500	3500	3322
2008-04-25	3409	3432	3309
2008-04-28	3400	3477	3314
2008-04-29	3320	3321	3210
2008-04-30	3230	3310	3206
2008-05-01	3335	3439	3300
2008-05-02	3404	3447	3275
2008-05-05	3412	3412	3412
2008-05-06	3450	3489	3402
2008-05-07	3468	3486	3437
2008-05-08	3410	3490	3410
2008-05-09	3480	3500	3368
2008-05-12	3401	3440	3323
2008-05-13	3434	3474	3321
2008-05-14	3400	3470	3373
2008-05-15	3387	3489	3353
2008-05-16	3500	3603	3484
2008-05-19	3586	3683	3562.25
2008-05-20	3644	3644	3452
2008-05-21	3500	3540	3452
2008-05-22	3517	3619	3490
2008-05-23	3520	3530	3372
2008-05-26	3372	3372	3372
2008-05-27	3405	3470	3365
2008-05-28	3418	3507	3325
2008-05-29	3520	3550	3397
2008-05-30	3365	3447	3319
2008-06-02	3488	3488	3373
2008-06-03	3394	3469	3361
2008-06-04	3444	3449	3344
2008-06-05	3399	3399	3261
2008-06-06	3375	3399	3244
2008-06-09	3253	3330	3213
2008-06-10	3355	3376	3265
2008-06-11	3300	3325	3131
2008-06-12	3171	3263	3138
2008-06-13	3190	3245	3120
2008-06-16	3310	3348	3200
2008-06-17	3345	3521	3325
2008-06-18	3432	3545	3372
2008-06-19	3402	3581.45	3335
2008-06-20	3489	3489	3372
2008-06-23	3470	3530	3388
2008-06-24	3488	3511	3370
2008-06-25	3413	3535	3275
2008-06-26	3285	3371	3285
2008-06-27	3275	3403	3239
2008-06-30	3429	3550	3426
2008-07-01	3485	3522	3399
2008-07-02	3403	3506	3235
2008-07-03	3205	3304	3143
2008-07-04	3301	3317	3136
2008-07-07	3163	3215	3097
2008-07-08	3056	3097	2975
2008-07-09	3024	3117	2969.7
2008-07-10	2989	3074	2933
2008-07-11	2988	3024	2880
2008-07-14	2920	3004	2904
2008-07-15	2957	2960	2783
2008-07-16	2839	2860	2697
2008-07-17	2747	2830	2699
2008-07-18	2769	2808	2711
2008-07-21	2795	2921	2795
2008-07-22	2850	2899	2806
2008-07-23	2854	2854	2685
2008-07-24	2700	2776	2657
2008-07-25	2638	2748	2634
2008-07-28	2706	2810	2694
2008-07-29	2735	2882	2725
2008-07-30	2883	2950	2867
2008-07-31	2924	3007	2897
2008-08-01	2883	2883	2303.94
2008-08-04	2710	2761	2616
2008-08-05	2600	2712	2535
2008-08-06	2802	2898	2744
2008-08-07	2710	2887	2706
2008-08-08	2760	2770	2634
2008-08-11	2690	2773	2654
2008-08-12	2653	2699	2599
2008-08-13	2700	2820	2669
2008-08-14	2886	2941	2836
2008-08-15	2889	2891	2717.32
2008-08-18	2795	2843	2762
2008-08-19	2690	2736	2665
2008-08-20	2755	2791	2635
2008-08-21	2776	2885	2775
2008-08-22	2909	2923	2837
2008-08-25	2875	2875	2875
2008-08-26	2830	2834	2737
2008-08-27	2802	2890	2789
2008-08-28	2909	2947	2850
2008-08-29	2862	2997	2862
2008-09-01	2900	2914	2768
2008-09-02	2753	2779	2626
2008-09-03	2605	2670	2547
2008-09-04	2551	2608	2414.83
2008-09-05	2410	2460	2296
2008-09-08	2406	2491	2380
2008-09-09	2387	2404	2189
2008-09-10	2244	2305	2180
2008-09-11	2199	2324	2199
2008-09-12	2380	2525	2380
2008-09-15	2420	2449	2329
2008-09-16	2336	2361	2172
2008-09-17	2326	2347	2029
2008-09-18	2110	2208	2065
2008-09-19	2300	2399	2211
2008-09-22	2399	2420	2268
2008-09-23	2290	2310	2110
2008-09-24	2154	2171	1996
2008-09-25	1981	2078	1981
2008-09-26	2010	2048	1972
2008-09-29	1980	1980	1803
2008-09-30	1715	1904	1686
2008-10-01	1950	1978	1806
2008-10-02	1870	1909	1704
2008-10-03	1669	1792	1634
2008-10-06	1631	1687	1471
2008-10-07	1591	1672	1487
2008-10-08	1450	1657.3	1380
2008-10-09	1458	1583	1452
2008-10-10	1386	1499	1312
2008-10-13	1549	1632	1482
2008-10-14	1724	1791	1603
2008-10-15	1620	1620	1306
2008-10-16	1180	1340	1110
2008-10-17	1225	1322	1134
2008-10-20	1394	1398	1310
2008-10-21	1425	1458	1329
2008-10-22	1325	1347	1269
2008-10-23	1270	1290	1174
2008-10-24	1185	1250	1107
2008-10-27	1157	1228	1082
2008-10-28	1251	1277	1127
2008-10-29	1245	1400	1234
2008-10-30	1456	1508	1383
2008-10-31	1438	1561	1376.96
2008-11-03	1566	1589	1507
2008-11-04	1512	1674	1462
2008-11-05	1665	1665	1530
2008-11-06	1489	1518	1316
2008-11-07	1374	1411	1294
2008-11-10	1435	1598	1429
2008-11-11	1463	1502	1382
2008-11-12	1430	1443	1250
2008-11-13	1220	1316	1210
2008-11-14	1367	1389	1268
2008-11-17	1301	1327	1176
2008-11-18	1201	1233	1148
2008-11-19	1232	1236	1127
2008-11-20	1102	1142	1024
2008-11-21	1090	1188	1071
2008-11-24	1175	1411	1095.5
2008-11-25	1357	1562	1324
2008-11-26	1446	1557	1405
2008-11-27	1530	1588	1495
2008-11-28	1590	1590	1476
2008-12-01	1476	1494	1292
2008-12-02	1264	1358	1217
2008-12-03	1300	1347	1195
2008-12-04	1283	1349	1232
2008-12-05	1287	1309	1191
2008-12-08	1361	1472	1325
2008-12-09	1388	1475	1376
2008-12-10	1500	1563	1447
2008-12-11	1506	1563	1458
2008-12-12	1420	1528	1385
2008-12-15	1541	1557	1490
2008-12-16	1513	1598	1480
2008-12-17	1590	1665	1540
2008-12-18	1640	1665	1560
2008-12-19	1570	1584	1389
2008-12-22	1445	1470	1382
2008-12-23	1414	1489	1414
2008-12-24	1410	1472	1410
2008-12-25	1420	1420	1420
2008-12-26	1420	1420	1420
2008-12-29	1437	1530	1437
2008-12-30	1511	1573	1492
2008-12-31	1556	1580	1531
2009-01-01	1546	1546	1546
2009-01-02	1585	1727	1569
2009-01-05	1734	1782	1669
2009-01-06	1729	1832	1695
2009-01-07	1791	1795	1685
2009-01-08	1660	1688	1541
2009-01-09	1625	1635	1476
2009-01-12	1474	1508	1431
2009-01-13	1422	1447	1376
2009-01-14	1454	1454	1259
2009-01-15	1289	1340	1247
2009-01-16	1312	1389	1306
2009-01-19	1401	1426	1290
2009-01-20	1323	1404	1290
2009-01-21	1292	1341	1258
2009-01-22	1350	1385	1269
2009-01-23	1258	1279	1210
2009-01-26	1270	1378	1255
2009-01-27	1348	1374	1300
2009-01-28	1361	1436	1331
2009-01-29	1385	1385	1327
2009-01-30	1342	1347	1246
2009-02-02	1250	1254	1214
2009-02-03	1249	1315	1189
2009-02-04	1304	1437	1283
2009-02-05	1360	1427	1330
2009-02-06	1416	1505	1393
2009-02-09	1483	1527	1440
2009-02-10	1475	1478	1400
2009-02-11	1390	1424	1078.31
2009-02-12	1354	1363	1271
2009-02-13	1353	1376	1263
2009-02-16	1275	1312	1265
2009-02-17	1260	1266.96	1206
2009-02-18	1237	1247	1171
2009-02-19	1248	1265	1210
2009-02-20	1160	1160	1000
2009-02-23	1070	1094	1017
2009-02-24	1020	1041	993
2009-02-25	1056	1060	972.5
2009-02-26	1019	1044	1004
2009-02-27	1028	1035	960.5
2009-03-02	941	966	912.5
2009-03-03	930	965	906
2009-03-04	970	1038	969
2009-03-05	1016	1029	949.5
2009-03-06	969.5	1041	951
2009-03-09	1016	1028	961
2009-03-10	988	1088	977.5
2009-03-11	1086	1154	1052
2009-03-12	1120	1124	1058
2009-03-13	1140	1166	1108
2009-03-16	1134	1167	1098
2009-03-17	1145	1165	1085
2009-03-18	1140	1156	1094.36
2009-03-19	1135	1227	1135
2009-03-20	1198	1291	1179
2009-03-23	1342	1382	1317
2009-03-24	1389	1390	1226
2009-03-25	1248	1273	1184
2009-03-26	1245	1265	1215
2009-03-27	1238	1266	1180.81
2009-03-30	1159	1160	1078
2009-03-31	1090	1191	1090
2009-04-01	1156	1201	1099
2009-04-02	1247	1351	1231
2009-04-03	1333	1416	1311
2009-04-06	1406	1439	1314
2009-04-07	1352	1359	1259
2009-04-08	1255	1321	1226
2009-04-09	1333	1410	1311
2009-04-10	1396	1396	1396
2009-04-13	1396	1396	1396
2009-04-14	1428	1460	1392
2009-04-15	1417	1449	1380
2009-04-16	1380	1428	1360
2009-04-17	1419	1423	1365
2009-04-20	1360	1386	1274
2009-04-21	1283	1295	1238
2009-04-22	1305	1345	1260
2009-04-23	1330	1354	1305
2009-04-24	1338	1422	1327
2009-04-27	1385	1423	1350
2009-04-28	1382	1384	1314
2009-04-29	1345	1442	1344
2009-04-30	1440	1529	1440
2009-05-01	1444	1490	1444
2009-05-04	1484	1484	1484
2009-05-05	1545	1612.9	1526
2009-05-06	1519	1591	1513
2009-05-07	1592	1647	1543
2009-05-08	1574	1638	1541.83
2009-05-11	1629	1631	1557
2009-05-12	1589	1598.89	1537
2009-05-13	1570	1590	1462
2009-05-14	1465	1478	1416
2009-05-15	1467	1516	1426
2009-05-18	1419	1498	1408
2009-05-19	1524	1600	1518
2009-05-20	1593	1645	1435
2009-05-21	1595	1604	1548
2009-05-22	1611	1636	1585
2009-05-25	1625	1625	1625
2009-05-26	1595	1634.64	1555
2009-05-27	1633	1685	1621
2009-05-28	1633	1697	1630
2009-05-29	1705	1876.1	1679
2009-06-01	1819	1930	1818
2009-06-02	1889	1907	1812
2009-06-03	1899	1908	1743
2009-06-04	1776	1800	1701
2009-06-05	1830	1879	1802
2009-06-08	1836	1839	1742
2009-06-09	1778	1810	1737
2009-06-10	1809	1863	1781
2009-06-11	1813	1817	1753
2009-06-12	1775	1777	1692
2009-06-15	1717	1738.35	1677
2009-06-16	1700	1714	1640
2009-06-17	1625	1696.06	1540
2009-06-18	1565	1616	1554
2009-06-19	1594	1643	1579
2009-06-22	1820	1825	1685
2009-06-23	1646	1730.5	1610
2009-06-24	1688.5	1828.5	1676.47
2009-06-25	1805	1838	1761
2009-06-26	1848	1866	1778
2009-06-29	1812	1827.5	1756
2009-06-30	1838.5	1838.5	1733
2009-07-01	1784	1836.5	1784
2009-07-02	1817	1832	1722.5
2009-07-03	1725	1739	1695
2009-07-06	1692	1701	1617
2009-07-07	1649.5	1708.5	1623
2009-07-08	1634	1641	1557.5
2009-07-09	1593.5	1657.5	1590
2009-07-10	1636.5	1682.5	1630.5
2009-07-13	1650	1699	1614.5
2009-07-14	1714	1756	1712
2009-07-15	1756	1800	1747
2009-07-16	1795.5	1799.5	1735.5
2009-07-17	1782.5	1819.5	1762.5
2009-07-20	1822.5	1842.5	1782
2009-07-21	1798	1876	1768
2009-07-22	1850.5	1862.5	1816
2009-07-23	1855	1946	1854
2009-07-24	1914	1940	1895.5
2009-07-27	1949	1957	1887.5
2009-07-28	1936	1953.5	1835.5
2009-07-29	1802	1850.5	1786.5
2009-07-30	1819	1930	1819
2009-07-31	1935	1950	1870
2009-08-03	1930	2024	1910
2009-08-04	1998	2026	1926
2009-08-05	1950	2022.5	1925.2
2009-08-06	2010	2021	1934
2009-08-07	1936	1965.5	1877.5
2009-08-10	1925	1931	1872
2009-08-11	1900	1932	1841
2009-08-12	1865	1873	1804.5
2009-08-13	1880	1972.5	1878.12
2009-08-14	1932	1984	1904
2009-08-17	1898	1909	1812.5
2009-08-18	1845	1866.5	1806
2009-08-19	1803	1846.5	1777.5
2009-08-20	1864.5	1926	1862.71
2009-08-21	1888	1986.5	1880.5
2009-08-24	2009.5	2068	2000
2009-08-25	2016.5	2072	1997.5
2009-08-26	2051	2088	1965
2009-08-27	1999	2030	1959.5
2009-08-28	2001.5	2051	1995
2009-08-31	2021	2021	2021
2009-09-01	2026	2026	1919
2009-09-02	1930.5	1931.5	1870
2009-09-03	1916	1977.5	1905.5
2009-09-04	1953	2002.5	1942.67
2009-09-07	2025	2039	1986.62
2009-09-08	2025	2085.5	2025
2009-09-09	2017.5	2080	1997.6
2009-09-10	2055	2081.5	2006
2009-09-11	2046	2110.5	2046
2009-09-14	2012	2071.5	1991
2009-09-15	2070	2088	2038.5
2009-09-16	2092.5	2149	2065.33
2009-09-17	2158	2160	2097.27
2009-09-18	2090	2117	2063.5
2009-09-21	2074	2084	2026.5
2009-09-22	2062	2114.5	2056
2009-09-23	2064	2098.5	2050.5
2009-09-24	2060	2096	2009.45
2009-09-25	2040	2076	2024
2009-09-28	2049.5	2077.5	1989.5
2009-09-29	2051	2079	2017.5
2009-09-30	2050.5	2077.5	1964.5
2009-10-01	1975	2009.5	1877.5
2009-10-02	1863.5	1912	1846.5
2009-10-05	1887	1957.5	1880
2009-10-06	1975	2116.5	1969.5
2009-10-07	2120	2139	2063.5
2009-10-08	2147	2192	2141
2009-10-09	2159	2193.73	2133
2009-10-12	2153.5	2211	2144
2009-10-13	2190	2239	2171.5
2009-10-14	2224.5	2328.5	2217.5
2009-10-15	2270	2284.5	2177
2009-10-16	2230	2241.5	2175.5
2009-10-19	2205	2307.36	2200
2009-10-20	2334	2352.76	2283
2009-10-21	2280	2294	2197
2009-10-22	2230	2303	2214
2009-10-23	2321	2435	2313
2009-10-26	2398	2433	2307
2009-10-27	2316	2329	2262
2009-10-28	2264	2265	2169
2009-10-29	2170	2316	2153
2009-10-30	2300	2341	2190
2009-11-02	2212	2306	2199
2009-11-03	2261	2274	2212
2009-11-04	2302	2343	2277
2009-11-05	2279	2366	2239
2009-11-06	2360	2414	2339
2009-11-09	2430	2495	2421
2009-11-10	2479	2490	2417
2009-11-11	2480	2533	2460
2009-11-12	2467	2527	2463
2009-11-13	2500	2553	2478
2009-11-16	2600	2671	2581
2009-11-17	2641	2668	2588
2009-11-18	2630	2656	2601
2009-11-19	2601	2615	2510
2009-11-20	2525	2565	2488
2009-11-23	2584	2638	2576
2009-11-24	2560	2688	2557
2009-11-25	2669	2701	2645
2009-11-26	2671	2671	2545
2009-11-27	2482	2619	2469
2009-11-30	2627	2669	2592
2009-12-01	2637	2712	2635
2009-12-02	2702	2758	2688
2009-12-03	2750	2766	2641
2009-12-04	2627	2708	2601
2009-12-07	2593	2626	2555
2009-12-08	2596	2638	2513
2009-12-09	2520	2549	2492
2009-12-10	2514	2544	2496
2009-12-11	2543	2590	2531
2009-12-14	2592	2637	2589
2009-12-15	2638	2670	2610
2009-12-16	2620	2683	2620
2009-12-17	2640	2672	2588
2009-12-18	2595	2625	2569
2009-12-21	2600.5	2676	2593
2009-12-22	2655	2686	2637
2009-12-23	2649	2684	2645
2009-12-24	2680	2702.5	2673
2009-12-29	2697	2743.5	2693
2009-12-30	2716.5	2730	2684
2009-12-31	2709	2711	2678
