2010-01-04	78.9	79.61	78.86
2010-01-05	79.15	80.1	79.01
2010-01-06	79.72	81.28	79.57
2010-01-07	80.21	80.45	79.25
2010-01-08	80.19	81.39	79.82
2010-01-11	82.66	82.74	80.66
2010-01-12	79.48	79.86	78.29
2010-01-13	80.08	80.23	78.6
2010-01-14	80.92	81.38	80.27
2010-01-15	80.61	80.71	78.9
2010-01-19	79.97	81.27	79.97
2010-01-20	78.31	78.5	77.33
2010-01-21	77.2	77.8	74.3
2010-01-22	73.84	75.2	72.89
2010-01-25	74.48	75.1	73.77
2010-01-26	72.83	74.03	72.22
2010-01-27	72.69	73.23	71.6
2010-01-28	73.01	73.2	70.46
2010-01-29	71.6	72.25	68.8
2010-02-01	70.6	72.19	70.23
2010-02-02	72.83	74.45	72.19
2010-02-03	72.94	73.72	72.27
2010-02-04	70.73	71.16	68.27
2010-02-05	68.22	69.34	66.51
2010-02-08	68.69	69.67	67.72
2010-02-09	69.95	71.99	69.7
2010-02-10	70.07	70.63	68.73
2010-02-11	70.73	72.8	70.11
2010-02-12	70.98	72.41	70.58
2010-02-16	73.59	74.56	73.16
2010-02-17	75.58	75.7	73.8
2010-02-18	74.31	75.33	74
2010-02-19	73.84	75.48	73.78
2010-02-22	75.53	75.63	74.85
2010-02-23	74.97	75.39	73.2
2010-02-24	73.09	74.05	72.68
2010-02-25	70.98	72.5	70.69
2010-02-26	72.44	73.41	71.37
2010-03-01	73.48	75.25	73.29
2010-03-02	75.16	76.38	74.95
2010-03-03	76.23	77.49	76.03
2010-03-04	76.88	77.14	75.58
2010-03-05	77.71	79.54	77.62
2010-03-08	80.17	80.5	79.28
2010-03-09	78.16	79.42	78.16
2010-03-10	79.2	79.83	78.43
2010-03-11	78.29	78.52	77.54
2010-03-12	78.99	79.17	78.25
2010-03-15	77.7	77.91	76.8
2010-03-16	78.24	79.09	78.17
2010-03-17	80.05	80.65	79.62
2010-03-18	80.25	80.72	79.01
2010-03-19	77.8	79.69	77.22
2010-03-22	76.74	78.82	76.67
2010-03-23	79.45	80.37	79.02
2010-03-24	78.72	79.28	78.17
2010-03-25	79.33	79.8	77.6
2010-03-26	78.69	79.38	77.88
2010-03-29	79.83	80.8	79.25
2010-03-30	81.69	81.84	80.49
2010-03-31	80.34	81.01	80.05
2010-04-01	82.2	82.73	81.96
2010-04-05	82.94	83.2	82.34
2010-04-06	82.71	82.99	82.04
2010-04-07	81.5	81.79	80.12
2010-04-08	80.05	81.58	79.57
2010-04-09	81.84	82.43	81.56
2010-04-12	82.2	82.45	81.58
2010-04-13	81.53	81.73	80.36
2010-04-14	82.37	83.01	82.14
2010-04-15	81.8	82.56	81.37
2010-04-16	80.74	81.23	78.71
2010-04-19	78.01	78.87	77.4
2010-04-20	79.57	79.91	78.65
2010-04-21	78.18	78.74	77.62
2010-04-22	77.01	78.64	76.71
2010-04-23	77	78.19	76.84
2010-04-26	78.97	79.26	78.25
2010-04-27	76.9	77.37	74.55
2010-04-28	75.57	75.94	74.36
2010-04-29	76.27	76.44	75.31
2010-04-30	74.34	74.65	72.64
2010-05-03	72.78	72.87	70.7
2010-05-04	69.04	71.24	67.89
2010-05-05	68.03	69.98	67.94
2010-05-06	68.56	69.21	62
2010-05-07	66.96	67.46	63.8
2010-05-10	71.12	71.38	69.53
2010-05-11	67.76	69.29	67.64
2010-05-12	68.31	68.63	67.76
2010-05-13	69.23	69.87	68.34
2010-05-14	67.39	67.56	65.45
2010-05-17	66.21	66.61	64.08
2010-05-18	66.4	67.25	64.02
2010-05-19	62.95	63.81	61.61
2010-05-20	59.43	60.95	58.43
2010-05-21	60.16	62.88	59.84
2010-05-24	62.27	62.77	61.39
2010-05-25	59.5	61.71	58.79
2010-05-26	62.71	65.06	61.93
2010-05-27	65.84	66.93	65.09
2010-05-28	65.92	66.4	64.24
2010-06-01	63.84	65.29	62.6
2010-06-02	63.31	64.9	62.86
2010-06-03	65.3	65.32	62.56
2010-06-04	61.14	61.91	59.29
2010-06-07	60.16	60.42	58.38
2010-06-08	60.03	61.65	59.5
2010-06-09	62.23	63.29	61.21
2010-06-10	65.3	65.7	64.39
2010-06-11	64.37	65.42	64.22
2010-06-14	67.13	67.53	65.6
2010-06-15	66.93	67.98	66.5
2010-06-16	67.08	67.85	66.55
2010-06-17	67.82	67.89	66.2
2010-06-18	67.7	67.98	67.15
2010-06-21	70.87	71.1	69.01
2010-06-22	69.37	70.07	67.91
2010-06-23	69.02	69.99	67.99
2010-06-24	68.6	68.93	67.63
2010-06-25	67.09	68.32	66.25
2010-06-28	67.81	68	66.4
2010-06-29	65.01	65.4	62.83
2010-06-30	62.07	63.73	61.61
2010-07-01	62.77	63.03	60.93
2010-07-02	63.61	63.82	62.09
2010-07-06	64.29	65.25	63.18
2010-07-07	64.02	66	63.9
2010-07-08	67.05	67.05	65.6
2010-07-09	66.82	68	66.69
2010-07-12	66.74	67.19	65.65
2010-07-13	67.49	67.69	66.84
2010-07-14	66.65	67.55	66.37
2010-07-15	67.8	67.9	66.07
2010-07-16	67.24	67.27	65.25
2010-07-19	66.11	66.63	65.35
2010-07-20	66.4	69.27	66.19
2010-07-21	69.67	69.98	68
2010-07-22	70.38	71.45	70.35
2010-07-23	71.23	71.8	70.52
2010-07-26	71.48	72.68	71.11
2010-07-27	73.18	73.26	71.29
2010-07-28	72.27	72.87	71.85
2010-07-29	73.21	73.78	71.93
2010-07-30	71.04	72.6	71.04
2010-08-02	74.54	75.64	74.18
2010-08-03	74.95	75.31	74.22
2010-08-04	74.55	75.28	74.04
2010-08-05	75.1	75.42	74.53
2010-08-06	75.07	76.27	74.6
2010-08-09	75.94	76.16	75.29
2010-08-10	73.32	74.46	72.78
2010-08-11	71.21	71.38	70.39
2010-08-12	69.73	71.32	69.73
2010-08-13	71.43	72.02	71.16
2010-08-16	71.32	72.5	71.14
2010-08-17	70.52	70.92	69.83
2010-08-18	69.17	69.17	67.98
2010-08-19	68.52	68.8	66.83
2010-08-20	66.66	67.51	66.45
2010-08-23	68.4	68.66	67.05
2010-08-24	66	66.49	65.1
2010-08-25	64.9	65.76	64.14
2010-08-26	66.36	67.25	65.55
2010-08-27	66.3	67.42	64.76
2010-08-30	67.52	67.76	66.45
2010-08-31	66.07	67.32	65.93
2010-09-01	68.7	70.23	68.53
2010-09-02	69.83	70.24	69.42
2010-09-03	71.22	71.64	70.58
2010-09-07	69.7	69.96	69.03
2010-09-08	69.56	70.45	69.44
2010-09-09	71.57	71.64	70.21
2010-09-10	70.41	71.03	70.24
2010-09-13	72.03	73.2	71.94
2010-09-14	72.82	74.09	72.62
2010-09-15	73.27	73.47	72.86
2010-09-16	72.62	73.67	72.6
2010-09-17	73.07	73.31	72.3
2010-09-20	73.11	74.1	72.73
2010-09-21	73.59	74.2	72.61
2010-09-22	74.93	75.58	74.27
2010-09-23	73.65	74.99	73.46
2010-09-24	75.75	76.15	75.52
2010-09-27	76.24	76.24	75.54
2010-09-28	75.64	77.19	74.77
2010-09-29	76.07	76.99	76.01
2010-09-30	77.14	77.75	75.77
2010-10-01	77.69	77.91	76.99
2010-10-04	77.17	77.37	75.92
2010-10-05	77.41	78.5	77.04
2010-10-06	79.57	80.6	79.45
2010-10-07	81.19	81.29	78.91
2010-10-08	80.45	81.74	80.25
2010-10-11	81.32	81.59	80.67
2010-10-12	79.64	80.31	78.82
2010-10-13	81.9	82.64	81.76
2010-10-14	82.89	83.36	82.08
2010-10-15	83.18	83.47	81.32
2010-10-18	80.95	82.45	80.7
2010-10-19	79.7	79.89	78.47
2010-10-20	80.11	81.64	79.93
2010-10-21	81.78	82.46	79.96
2010-10-22	81.17	81.33	80.47
2010-10-25	83.03	83.51	82.68
2010-10-26	81.72	82.36	81.44
2010-10-27	80.43	80.76	79.49
2010-10-28	82.54	83.09	81.66
2010-10-29	82.44	82.97	82.13
2010-11-01	83.61	84.25	82.94
2010-11-02	85	85.28	84.66
2010-11-03	84.85	86.08	84.46
2010-11-04	89.78	91.35	89.69
2010-11-05	91.26	92.41	91.01
2010-11-08	90.5	90.97	90.1
2010-11-09	92.22	92.62	88.86
2010-11-10	88.88	90.04	87.94
2010-11-11	89.14	89.7	88.66
2010-11-12	87.95	88.78	86.28
2010-11-15	88.3	88.84	87.53
2010-11-16	86.38	86.45	84.31
2010-11-17	84.51	85.89	84.45
2010-11-18	86.69	87.61	86.52
2010-11-19	85.53	86.74	85.07
2010-11-22	85.49	86.6	85.05
2010-11-23	84.34	84.44	83.03
2010-11-24	83.85	85.13	83.85
2010-11-26	83.49	84.12	83.18
2010-11-29	82.49	83.8	81.68
2010-11-30	81.59	83.61	81.56
2010-12-01	84.58	85.69	84.41
2010-12-02	86.08	88.15	86.05
2010-12-03	87.21	88.83	87.2
2010-12-06	88.64	89.01	88.35
2010-12-07	91.35	91.41	88.72
2010-12-08	89.11	89.12	86.87
2010-12-09	89.36	89.43	88.41
2010-12-10	89.29	90	88.75
2010-12-13	90.52	91.94	90.39
2010-12-14	90.66	91.56	90.29
2010-12-15	90.16	90.71	88.92
2010-12-16	88.98	89.88	88.69
2010-12-17	89.25	89.4	88.54
2010-12-20	89.49	89.76	88.7
2010-12-21	90.66	91.28	90.38
2010-12-22	91.31	91.97	91.26
2010-12-23	91.9	92.33	91.63
2010-12-27	91.85	91.85	90.31
2010-12-28	91.94	92.17	91.56
2010-12-29	92.72	93.2	92.39
2010-12-30	92.78	93.56	92.46
2010-12-31	91.92	93.23	91.74
2011-01-03	93.84	93.93	92.78
2011-01-04	92.75	92.8	90.44
2011-01-05	89.69	91.34	89.26
2011-01-06	90.63	90.63	88.83
2011-01-07	88.94	89.4	87.7
2011-01-10	88.13	88.92	87.57
2011-01-11	89.13	89.7	88.81
2011-01-12	90.63	91.37	89.9
2011-01-13	91.41	91.6	90.41
2011-01-14	89.93	90.66	89.65
2011-01-18	91.11	91.78	91
2011-01-19	91.46	91.69	90.24
2011-01-20	88.66	88.66	87.08
2011-01-21	88.97	89.26	87.56
2011-01-24	88.29	90.15	88.21
2011-01-25	88.52	88.58	87.35
2011-01-26	89.48	90.73	89.34
2011-01-27	90.49	90.66	88.83
2011-01-28	87.98	88.39	86.48
2011-01-31	88	89.13	87.94
2011-02-01	90.34	91.61	90.25
2011-02-02	92.42	93.72	92.22
2011-02-03	93.74	94.53	92.9
2011-02-04	94.06	94.69	93.1
2011-02-07	94.65	95.39	94.26
2011-02-08	94.87	95.97	94.63
2011-02-09	94.29	94.71	93.12
2011-02-10	92.88	93.81	92.74
2011-02-11	93.11	94.26	92.9
2011-02-14	94.57	96.23	94.39
2011-02-15	94.45	95.47	93.91
2011-02-16	92.65	93.58	92.56
2011-02-17	92.67	93.98	92.58
2011-02-18	92.29	93	92
2011-02-22	93.11	93.98	91.75
2011-02-23	91.94	92.46	91.05
2011-02-24	92.42	92.71	90.93
2011-02-25	93.44	94.04	92.44
2011-02-28	94.81	95.11	94.1
2011-03-01	95.05	95.2	93.13
2011-03-02	93.87	94.89	93.54
2011-03-03	95.9	96.11	95.18
2011-03-04	96.12	96.44	95.08
2011-03-07	96.51	96.66	94.03
2011-03-08	93.67	94.47	92.9
2011-03-09	92.91	93.13	91.86
2011-03-10	89	89.17	87.93
2011-03-11	88.23	89.8	88.16
2011-03-14	88.17	89.06	87.82
2011-03-15	84.67	87.32	84.35
2011-03-16	86.31	87.28	83.85
2011-03-17	87.32	88.29	86.89
2011-03-18	89.53	89.58	88.05
2011-03-21	90.11	90.16	88.88
2011-03-22	89.53	89.59	88.42
2011-03-23	89.57	90.32	88.85
2011-03-24	90.86	91.35	89.7
2011-03-25	90.45	91.09	90.07
2011-03-28	90.83	91.54	90.53
2011-03-29	91.58	92.91	90.95
2011-03-30	94.85	94.89	93.74
2011-03-31	95.11	96.65	95.01
2011-04-01	96.19	97.07	95.69
2011-04-04	97.9	98.21	97.46
2011-04-05	97.7	98.85	97.58
2011-04-06	99.27	99.66	98.8
2011-04-07	98.94	99.94	98.45
2011-04-08	101.16	101.75	100.72
2011-04-11	103.83	104.59	102.26
2011-04-12	101.26	101.48	99.88
2011-04-13	100.85	101.17	99.5
2011-04-14	99.63	100.65	99.47
2011-04-15	99.19	99.99	98.93
2011-04-18	98.25	98.73	96.67
2011-04-19	98.97	99.24	97.68
2011-04-20	100.51	101.33	100.27
2011-04-21	102.7	102.74	101.63
2011-04-25	102.38	102.57	101.14
2011-04-26	101.42	102.31	100.72
2011-04-27	101.21	101.34	99.32
2011-04-28	100.15	102.2	100.08
2011-04-29	100.59	101.6	99.72
2011-05-02	100.58	101.75	99.72
2011-05-03	98.55	99.17	97.31
2011-05-04	97.74	97.81	95.75
2011-05-05	95.14	95.75	92.89
2011-05-06	95.73	97.06	94.55
2011-05-09	95.31	96.91	95.01
2011-05-10	96.56	97.36	96.11
2011-05-11	96.81	96.9	94.25
2011-05-12	93.25	94.49	92.71
2011-05-13	94	94.31	91.76
2011-05-16	93.15	94.84	92.76
2011-05-17	92.71	93.9	92.25
2011-05-18	93.57	95.02	93.34
2011-05-19	95.28	95.66	93.44
2011-05-20	93.68	94.01	92.51
2011-05-23	90.36	91.17	90.03
2011-05-24	92.35	92.76	91.62
2011-05-25	91.12	92.52	91.11
2011-05-26	92.91	94.01	92.64
2011-05-27	94.62	95.25	93.99
2011-05-31	95.85	95.98	94.37
2011-06-01	95.23	95.33	93.03
2011-06-02	92.5	93.29	91.71
2011-06-03	90.68	92.55	90.64
2011-06-06	92.42	92.73	91.09
2011-06-07	92.7	93.67	92.5
2011-06-08	90.78	91.55	90.41
2011-06-09	91.22	92.51	90.98
2011-06-10	90.71	91.02	89.48
2011-06-13	90.33	90.75	89.06
2011-06-14	91.49	92.63	91.46
2011-06-15	90.41	91	88.66
2011-06-16	88.78	89.42	87.39
2011-06-17	89.51	89.9	88.3
2011-06-20	87.73	89.12	87.63
2011-06-21	89.74	90.95	89.53
2011-06-22	89.78	90.85	89.45
2011-06-23	87.47	88.43	86.34
2011-06-24	89.57	89.78	88.45
2011-06-27	88.8	89.71	88.12
2011-06-28	89.91	91.33	89.81
2011-06-29	92.26	93.35	91.67
2011-06-30	93.55	94.98	93.5
2011-07-01	94.45	95.61	93.83
2011-07-05	94.86	95.65	94.64
2011-07-06	94.51	95.32	94.05
2011-07-07	96.59	97.37	96.45
2011-07-08	95.38	95.89	94.58
2011-07-11	93.72	94.23	92.9
2011-07-12	92.17	93.39	91.69
2011-07-13	93.11	95.03	93.03
2011-07-14	93.85	94.3	91.9
2011-07-15	91.15	91.81	90.6
2011-07-18	89.93	90.05	89.09
2011-07-19	91.05	91.99	91.01
2011-07-20	93.12	93.43	92.22
2011-07-21	93.23	94.86	93.04
2011-07-22	94.33	94.57	93.76
2011-07-25	93.23	94.36	93.13
2011-07-26	94.35	94.95	93.75
2011-07-27	94.86	94.94	92.57
2011-07-28	92.11	93.42	91.96
2011-07-29	91.06	92.38	90.28
2011-08-01	92.76	92.9	89.58
2011-08-02	88.6	89.25	87.52
2011-08-03	86.95	87.2	84.55
2011-08-04	82.6	83.26	80.17
2011-08-05	82.02	82.7	76.77
2011-08-08	75.23	76.42	71.81
2011-08-09	77.38	79.31	73.33
2011-08-10	76.89	77.51	75.03
2011-08-11	77.18	80.96	76.37
2011-08-12	81.23	81.73	80.16
2011-08-15	82.85	83.74	82.41
2011-08-16	81.65	83.3	81.11
2011-08-17	83.74	84.75	82.57
2011-08-18	79.87	80.07	77.71
2011-08-19	77.23	79.89	77.23
2011-08-22	80.19	80.3	77.54
2011-08-23	78.84	80.94	78.16
2011-08-24	80.64	81.89	79.75
2011-08-25	81.96	82.41	79.11
2011-08-26	79.71	82.23	78.31
2011-08-29	83.68	84.65	83.39
2011-08-30	83.44	84.56	82.9
2011-08-31	85.56	86.24	84.4
2011-09-01	85.07	85.84	84.29
2011-09-02	82.22	82.89	81.42
2011-09-06	78.36	80.82	78.33
2011-09-07	81.37	82.75	81.08
2011-09-08	80.98	82.04	80.16
2011-09-09	78.65	79.11	76.59
2011-09-12	75.86	77.18	74.78
2011-09-13	76.67	77.9	75.83
2011-09-14	77.6	78.33	75.51
2011-09-15	78.81	79.09	77.69
2011-09-16	79.38	79.5	78.06
2011-09-19	75.77	76.85	74.75
2011-09-20	76.5	77.19	75.48
2011-09-21	75.26	75.26	71.93
2011-09-22	68.3	68.34	65.82
2011-09-23	66.6	68.75	66.54
2011-09-26	67.98	69.26	66.03
2011-09-27	71.58	72.79	70.55
2011-09-28	71.02	71.28	67.88
2011-09-29	70.15	70.15	66.94
2011-09-30	66.56	68.08	66.15
2011-10-03	65.44	66.96	64.4
2011-10-04	63.56	67.09	62.54
2011-10-05	67.97	69.51	67.17
2011-10-06	70.31	72.21	69.86
2011-10-07	73.35	73.59	70.58
2011-10-10	74.21	75.22	74.08
2011-10-11	73.42	74.36	72.93
2011-10-12	76.32	77.66	76
2011-10-13	75.23	76.16	74.19
2011-10-14	77.43	77.75	76.42
2011-10-17	76.39	76.52	74.39
2011-10-18	73.91	76.52	72.5
2011-10-19	74.51	74.96	72.63
2011-10-20	72.9	73.47	71.08
2011-10-21	74.38	75.31	73.91
2011-10-24	77.04	79.59	77.02
2011-10-25	77.36	78.04	75.75
2011-10-26	78.36	78.74	76.34
2011-10-27	83.02	84.37	82.02
2011-10-28	82.45	83.77	82.18
2011-10-31	79.6	79.73	78.08
2011-11-01	74.5	77.2	74.09
2011-11-02	76.75	77.95	76.01
2011-11-03	77.77	79.34	76.9
2011-11-04	78.73	79.24	77.13
2011-11-07	78.13	79.22	77.58
2011-11-08	79.61	80.22	78.82
2011-11-09	76.72	77.02	74.94
2011-11-10	77.05	77.17	75.12
2011-11-11	77.18	78.24	76.96
2011-11-14	76.68	76.89	75.35
2011-11-15	75.47	76.6	75.19
2011-11-16	74.72	75.59	73.88
2011-11-17	73.9	74.06	71.76
2011-11-18	72.52	72.81	71.65
2011-11-21	69.78	70.19	68.65
2011-11-22	69.05	69.93	68.54
2011-11-23	67.66	67.78	66.83
2011-11-25	66.69	67.47	66.3
2011-11-28	70.28	70.5	68.88
2011-11-29	69.67	70.46	69.21
2011-11-30	74.03	75.35	73.77
2011-12-01	74.6	75.5	73.67
2011-12-02	76.77	76.86	75.17
2011-12-05	77.15	77.77	75.95
2011-12-06	76.06	76.93	75.64
2011-12-07	75.64	76.14	74.95
2011-12-08	74.95	75.11	73.13
2011-12-09	73.45	75.43	73.14
2011-12-12	72.92	72.92	71.83
2011-12-13	72.51	73.33	70.03
2011-12-14	69.97	70.11	68.68
2011-12-15	70.35	70.45	68.79
2011-12-16	70.06	70.67	69.22
2011-12-19	68.93	69.22	67.25
2011-12-20	69.68	70.67	69.65
2011-12-21	70.61	70.9	69.42
2011-12-22	70.75	71.67	70.55
2011-12-23	71.17	71.3	70.67
2011-12-27	70.83	71.27	70.43
2011-12-28	70.87	70.94	68.72
2011-12-29	69.42	70.4	69.15
2011-12-30	70.01	70.91	69.95
2012-01-03	74.63	75.28	74.27
2012-01-04	74.45	75.05	73.74
2012-01-05	73.36	73.84	72.71
2012-01-06	73.49	73.55	72.3
2012-01-09	72.92	73.05	72.16
2012-01-10	74.92	75.45	74.61
2012-01-11	74.48	75.45	74.23
2012-01-12	76.14	76.6	75.27
2012-01-13	74.96	75.05	73.57
2012-01-17	76.95	77.19	76.02
2012-01-18	77.16	78.36	77
2012-01-19	78.69	78.79	78.18
2012-01-20	78.53	78.55	77.73
2012-01-23	78.69	79.42	78.53
2012-01-24	77.36	78.2	77.13
2012-01-25	77.68	80.44	77.36
2012-01-26	81.49	81.92	80.1
2012-01-27	79.88	80.8	79.74
2012-01-30	79.19	79.88	78.54
2012-01-31	80.4	80.46	78.31
2012-02-01	80.3	81.29	80.27
2012-02-02	81.3	81.62	80.45
2012-02-03	81.42	82.23	81.19
2012-02-06	81.79	81.95	81.29
2012-02-07	81.27	81.87	80.3
2012-02-08	80.99	81.64	79.93
2012-02-09	80.32	80.38	78.92
2012-02-10	76.9	77.24	76.5
2012-02-13	78.71	78.75	77.91
2012-02-14	77.31	77.4	75.93
2012-02-15	77.34	77.35	75.76
2012-02-16	75.43	76.94	75.2
2012-02-17	76.8	76.83	75.4
2012-02-21	77.67	78.43	77.4
2012-02-22	77.4	78.04	77.3
2012-02-23	77.59	78.04	76.99
2012-02-24	77.84	78.26	77.59
2012-02-27	77.11	78.31	76.87
2012-02-28	78.45	79.19	78.29
2012-02-29	78.84	79.19	76.51
2012-03-01	77.25	77.79	76.95
2012-03-02	76.93	76.97	75.57
2012-03-05	75.27	75.29	73.92
2012-03-06	72.37	72.39	71.52
2012-03-07	72.68	73.13	72.19
2012-03-08	73.95	74.22	73.4
2012-03-09	73.8	74.67	73.43
2012-03-12	73.62	74.02	73.42
2012-03-13	74.46	75.44	74.31
2012-03-14	74.81	74.94	72.9
2012-03-15	74.02	74.56	73.73
2012-03-16	74.9	75.19	74.65
2012-03-19	75.06	76.05	74.88
2012-03-20	73.21	73.33	72.65
2012-03-21	72.3	72.65	71.91
2012-03-22	70.79	70.96	70.17
2012-03-23	70.74	71.9	70.4
2012-03-26	72.31	72.72	71.86
2012-03-27	72.45	72.75	71.47
2012-03-28	71.46	71.52	69.96
2012-03-29	70.11	71.48	69.98
2012-03-30	72.61	72.8	71.86
2012-04-02	72.63	74.4	72.4
2012-04-03	73.31	73.35	71.04
2012-04-04	70.16	71.15	69.5
2012-04-05	69.98	71.54	69.92
2012-04-09	69.2	70.16	69.1
2012-04-10	69.55	69.98	68.54
2012-04-11	70.24	70.29	69.18
2012-04-12	70.55	72	70.46
2012-04-13	71.84	71.88	70.34
2012-04-16	71.27	71.53	70.25
2012-04-17	71.45	72.11	71.01
2012-04-18	73.05	73.4	72.66
2012-04-19	73.62	73.88	72.53
2012-04-20	74.1	74.2	73.25
2012-04-23	71.75	72.06	70.97
2012-04-24	71.54	72.77	71.48
2012-04-25	73.39	73.48	72.74
2012-04-26	72.85	73.72	72.7
2012-04-27	74.59	74.59	73.98
2012-04-30	74.28	74.38	73.67
2012-05-01	74.57	76.1	74.42
2012-05-02	75.11	75.17	74.35
2012-05-03	74.47	74.66	73.17
2012-05-04	72.43	72.53	71.37
2012-05-07	71.07	71.65	70.75
2012-05-08	69.97	70.22	68.8
2012-05-09	68.5	69.86	68.06
2012-05-10	70.35	70.84	69.78
2012-05-11	68.53	69.88	68.48
2012-05-14	67.68	68.01	67.25
2012-05-15	66.9	67.45	65.5
2012-05-16	65.39	66.38	64.42
2012-05-17	64.37	64.54	63.43
2012-05-18	63.46	63.6	62.31
2012-05-21	63.03	64.51	62.83
2012-05-22	64.61	65.06	63.12
2012-05-23	62.36	63.3	61.22
2012-05-24	62.76	63.25	62.1
2012-05-25	61.75	62.18	61.57
2012-05-29	63.75	64.51	63.31
2012-05-30	62.06	62.11	61.43
2012-05-31	61.63	61.88	60.35
2012-06-01	60.45	61.52	60.41
2012-06-04	60.54	61	59.87
2012-06-05	60.48	61.36	60.41
2012-06-06	62.39	63.5	62.32
2012-06-07	65.42	65.76	64.33
2012-06-08	62.01	63.16	61.67
2012-06-11	63.8	63.9	62.14
2012-06-12	63.46	63.96	62.82
2012-06-13	63.26	64.14	62.91
2012-06-14	62.64	63.78	62.35
2012-06-15	64.18	65.04	63.87
2012-06-18	65.03	66.27	64.74
2012-06-19	66.78	67.46	66.42
2012-06-20	67.45	67.57	66.17
2012-06-21	65.91	65.91	63.06
2012-06-22	63.39	63.63	62.68
2012-06-25	61.78	61.88	60.9
2012-06-26	61.86	62.1	61.03
2012-06-27	61.44	62.27	61.15
2012-06-28	61.44	62.07	61
2012-06-29	65.16	65.5	64.65
2012-07-02	65.62	65.65	64.73
2012-07-03	65.85	66.88	65.68
2012-07-05	66.28	66.68	64.97
2012-07-06	65.13	65.29	64.4
2012-07-09	64.27	64.58	63.89
2012-07-10	64.83	64.93	62.58
2012-07-11	63.21	63.83	62.83
2012-07-12	61.42	62.23	60.73
2012-07-13	62.21	63.46	62.21
2012-07-16	62.93	63.03	62.38
2012-07-17	63.09	63.34	62.17
2012-07-18	62.48	63.7	62.4
2012-07-19	64.45	65.47	64.34
2012-07-20	64.55	64.61	63.84
2012-07-23	61.81	63.1	61.37
2012-07-24	63.39	63.49	61.94
2012-07-25	63.75	63.89	62.7
2012-07-26	65.18	65.4	64.53
2012-07-27	65.61	67.3	65.27
2012-07-30	66.58	67.08	66.28
2012-07-31	66.73	67.03	66.29
2012-08-01	67.06	67.25	66.1
2012-08-02	65.91	66.93	65.48
2012-08-03	67.6	68.28	67.38
2012-08-06	67.87	68.74	67.83
2012-08-07	68.7	68.99	68.38
2012-08-08	68.79	69.17	68.61
2012-08-09	69.18	69.69	69.14
2012-08-10	69.34	69.97	69.08
2012-08-13	69.54	69.86	68.95
2012-08-14	69.25	69.47	68.76
2012-08-15	68.29	68.44	67.97
2012-08-16	68.94	69.44	68.45
2012-08-17	68.91	69.31	68.58
2012-08-20	69.02	69.23	68.63
2012-08-21	70.12	70.6	69.21
2012-08-22	68.94	69.85	68.7
2012-08-23	69.86	69.98	68.91
2012-08-24	68.27	69.2	68.12
2012-08-27	68.84	68.91	68.15
2012-08-28	68.28	68.47	68.08
2012-08-29	67.9	67.97	67.36
2012-08-30	65.82	65.87	64.8
2012-08-31	65.85	65.97	64.97
2012-09-04	65.33	65.43	64.65
2012-09-05	63.55	63.74	63
2012-09-06	64.4	65.65	64.35
2012-09-07	67.15	68.16	67.1
2012-09-10	67.72	68.13	67.09
2012-09-11	67.56	68.7	67.47
2012-09-12	69.12	69.18	68.26
2012-09-13	68.72	70.89	68.32
2012-09-14	72.34	73	72.16
2012-09-17	72.09	72.18	71.02
2012-09-18	70.63	71.22	70.44
2012-09-19	71.16	71.6	70.83
2012-09-20	69.56	70.26	69.24
2012-09-21	70.57	70.68	69.92
2012-09-24	69.21	69.67	69.07
2012-09-25	69.52	69.83	67.96
2012-09-26	67.77	67.92	66.81
2012-09-27	68.3	69.1	68.09
2012-09-28	68.79	68.82	68.1
2012-10-01	69.26	70.15	68.86
2012-10-02	69.73	69.89	68.32
2012-10-03	68.94	68.99	67.56
2012-10-04	67.64	68.74	67.56
2012-10-05	69	69.2	67.77
2012-10-08	67.41	68.28	67.3
2012-10-09	68.33	68.88	67.77
2012-10-10	68.37	68.47	67.7
2012-10-11	69.01	69.25	68.48
2012-10-12	68.85	69.13	68.08
2012-10-15	68.3	68.71	67.75
2012-10-16	68.76	69.3	68.61
2012-10-17	70.32	71.42	69.97
2012-10-18	71.39	72.58	71.32
2012-10-19	72.27	72.36	71.06
2012-10-22	71.55	72.07	71.12
2012-10-23	70.11	70.26	69.66
2012-10-24	70.94	71.17	70.38
2012-10-25	71.65	71.87	70.94
2012-10-26	70.73	70.95	70.14
2012-10-31	71.37	71.43	70.58
2012-11-01	70.82	71.85	70.77
2012-11-02	72.27	72.3	70.81
2012-11-05	71.81	71.99	71.45
2012-11-06	72.48	73.32	72.43
2012-11-07	72.25	72.29	71.12
2012-11-08	71.9	72.34	71.03
2012-11-09	70.93	71.89	70.86
2012-11-12	71.41	71.57	71.1
2012-11-13	70.42	71.15	70.3
2012-11-14	70.37	70.46	68.88
2012-11-15	68.81	69.07	68.16
2012-11-16	68	68.83	67.4
2012-11-19	69.53	70.34	69.48
2012-11-20	69.87	70.36	69.5
2012-11-21	69.57	69.8	69.32
2012-11-23	70.18	71	70.16
2012-11-26	70.8	71.31	70.54
2012-11-27	71.14	71.61	70.66
2012-11-28	70.29	71.36	70.08
2012-11-29	72.11	72.52	71.8
2012-11-30	72.07	72.44	71.96
2012-12-03	72.44	72.57	71.58
2012-12-04	71.79	72.09	71.43
2012-12-05	72.39	73.16	72.15
2012-12-06	72.64	72.92	72.46
2012-12-07	72.87	73.21	72.57
2012-12-10	73.2	74.07	73.14
2012-12-11	74.56	75.37	74.56
2012-12-12	75.47	75.94	75.13
2012-12-13	75.63	76.16	75.18
2012-12-14	75.88	76.57	75.77
2012-12-17	76.73	77.4	76.67
2012-12-18	77.87	78.03	77.43
2012-12-19	78.3	78.31	77.29
2012-12-20	77.91	77.96	77.41
2012-12-21	76.63	77.22	76.46
2012-12-24	76.16	76.94	76.15
2012-12-26	76.81	77.3	76.72
2012-12-27	77.53	77.53	76.31
2012-12-28	77	77.45	76.71
2012-12-31	76.96	78.58	76.87
2013-01-02	80.21	80.3	79.36
2013-01-03	79	79.7	78.72
2013-01-04	78.76	79.51	78.75
2013-01-07	78.83	79.76	78.78
2013-01-08	78.59	78.75	78.25
2013-01-09	79.2	79.38	78.78
2013-01-10	79.25	79.25	78.29
2013-01-11	76.95	77.1	76.4
2013-01-14	76.87	77.12	76.6
2013-01-15	76.36	76.9	76.33
2013-01-16	76.06	76.57	76
2013-01-17	76.52	76.85	76.22
2013-01-18	76.8	77.29	76.15
2013-01-22	77.11	78.05	77.1
2013-01-23	78.5	78.61	77.7
2013-01-24	78.05	78.54	77.63
2013-01-25	77.6	77.71	77.03
2013-01-28	77.43	77.49	76.93
2013-01-29	77.75	78.56	77.72
2013-01-30	78.4	78.81	77.81
2013-01-31	78.83	79.07	78.54
2013-02-01	79.45	79.65	79.1
2013-02-04	78.45	78.6	77.63
2013-02-05	77.75	78.15	77.62
2013-02-06	77.4	78.09	77.34
2013-02-07	77.8	77.87	77.04
2013-02-08	78.15	78.26	77.8
2013-02-11	77.62	77.62	77.23
2013-02-12	76.8	77.94	76.79
2013-02-13	78.56	79.09	78.34
2013-02-14	79.62	80.24	79.43
2013-02-15	80.19	80.24	79.27
2013-02-19	80.37	80.54	79.83
2013-02-20	78.21	78.4	76.85
2013-02-21	75.55	75.65	74.32
2013-02-22	75.72	75.77	74.85
2013-02-25	75.91	76.08	74.38
2013-02-26	74.62	75.03	73.9
2013-02-27	74.04	75.71	73.95
2013-02-28	74.85	75.53	74.75
2013-03-01	74.03	74.5	73.63
2013-03-04	73.85	73.9	72.69
2013-03-05	74.96	75.01	74.13
2013-03-06	73.71	73.92	73.1
2013-03-07	73.83	74.31	73.74
2013-03-08	73.78	73.85	73.25
2013-03-11	73.68	74.27	73.41
2013-03-12	73.88	74.44	73.65
2013-03-13	73.61	73.63	72.82
2013-03-14	72.87	73.07	72.23
2013-03-15	73.18	73.41	72.74
2013-03-18	71.95	72.61	71.95
2013-03-19	70.82	71.05	69.41
2013-03-20	69.74	70.15	69.49
2013-03-21	69.77	70.27	69.65
2013-03-22	69.67	69.91	69.51
2013-03-25	69.32	69.54	68.67
2013-03-26	69	69.52	68.85
2013-03-27	68.7	69.63	68.48
2013-03-28	68.94	69.1	68.43
2013-04-01	68.21	68.55	67.64
2013-04-02	68.87	68.91	68.07
2013-04-03	67.53	67.63	66.44
2013-04-04	66.76	67.3	66.52
2013-04-05	66.26	67.41	65.98
2013-04-08	67.05	68.08	66.84
2013-04-09	69.05	71.46	69.04
2013-04-10	70.82	70.96	70.4
2013-04-11	70.32	70.51	69.93
2013-04-12	69.63	69.79	68.6
2013-04-15	66.81	66.81	64.71
2013-04-16	66.75	66.75	65.91
2013-04-17	65.03	65.07	63.33
2013-04-18	63.74	64.43	63.19
2013-04-19	64.58	64.68	63.5
2013-04-22	64.27	64.47	63.2
2013-04-23	64.47	64.67	63.93
2013-04-24	65.32	66.29	65.3
2013-04-25	66.8	67.69	66.36
2013-04-26	66.57	66.63	65.69
2013-04-29	66.87	67.58	66.7
2013-04-30	66.32	67.29	65.76
2013-05-01	66.55	66.6	65.74
2013-05-02	65.14	65.91	64.75
2013-05-03	67.85	68.28	67.42
2013-05-06	67.61	68.27	67.4
2013-05-07	68.74	68.84	68.15
2013-05-08	69.51	70.76	69.34
2013-05-09	70.73	70.8	69.41
2013-05-10	69.49	69.49	68.63
2013-05-13	69.04	69.05	68.28
2013-05-14	68.23	68.65	67.84
2013-05-15	67.6	67.85	66.83
2013-05-16	66.99	67.92	66.73
2013-05-17	67.84	68.12	67.38
2013-05-20	67.59	68.17	67.38
2013-05-21	68.95	69.51	68.51
2013-05-22	69.29	70.72	68.1
2013-05-23	67.11	67.92	66.33
2013-05-24	66.24	66.86	66.2
2013-05-28	66.29	66.5	65.68
2013-05-29	66.43	66.78	65.81
2013-05-30	66.38	67.77	66.04
2013-05-31	67.13	67.13	65.31
2013-06-03	65.92	66.84	65.52
2013-06-04	66.14	66.49	65.82
2013-06-05	64.54	65.25	64.26
2013-06-06	64.13	64.86	63.67
2013-06-07	63.56	64.24	63.29
2013-06-10	63.54	63.94	63.45
2013-06-11	61.54	62.92	61.42
2013-06-12	62.87	63.09	61.86
2013-06-13	62.61	63.69	62.5
2013-06-14	63.64	63.88	62.65
2013-06-17	63.24	63.59	62.79
2013-06-18	62.22	63.09	62.2
2013-06-19	62.3	62.82	60.83
2013-06-20	59.15	59.34	58.18
2013-06-21	58.85	59.19	58.02
2013-06-24	57.73	58.13	56.58
2013-06-25	57.47	58.34	57.17
2013-06-26	57.91	58.29	57.55
2013-06-27	58.25	58.9	58.16
2013-06-28	57.67	58.08	57.28
2013-07-01	58.05	58.4	57.63
2013-07-02	58.24	58.47	57.39
2013-07-03	56.36	56.98	55.87
2013-07-05	56.27	56.47	55.66
2013-07-08	56.52	56.99	56.33
2013-07-09	58.26	58.77	57.72
2013-07-10	58.38	59.1	58.12
2013-07-11	61.02	61.91	60.85
2013-07-12	61.11	61.48	60.52
2013-07-15	61.11	61.24	60.79
2013-07-16	62.08	62.64	61.59
2013-07-17	64.07	64.36	63.29
2013-07-18	63.43	63.85	63.06
2013-07-19	62.97	63.23	62.42
2013-07-22	63.3	64.16	63.09
2013-07-23	64.65	64.99	64.5
2013-07-24	64.9	64.9	63.1
2013-07-25	62.67	63.84	62.65
2013-07-26	63.66	64.32	63.36
2013-07-29	63.79	64.31	63.66
2013-07-30	63.44	63.49	62.7
2013-07-31	62.58	63.51	62.49
2013-08-01	63.6	63.78	63.27
2013-08-02	63.39	63.78	63.2
2013-08-05	63.65	64	63.53
2013-08-06	63.57	63.57	62.98
2013-08-07	62.71	63.39	62.66
2013-08-08	64.38	66.25	64.22
2013-08-09	66.4	68.07	66.1
2013-08-12	66.99	68.2	66.97
2013-08-13	67.87	67.95	67.17
2013-08-14	68	68.48	67.78
2013-08-15	67.17	68.23	67.01
2013-08-16	67.93	68.08	67.43
2013-08-19	67.3	67.45	66.9
2013-08-20	66.25	66.74	65.57
2013-08-21	64.66	64.78	63.41
2013-08-22	64.8	65.2	64.49
2013-08-23	64.96	65.14	64.45
2013-08-26	64.39	64.83	64.01
2013-08-27	63.49	63.91	62.73
2013-08-28	62.72	63.53	62.6
2013-08-29	63.24	63.62	62.61
2013-08-30	63.49	63.51	63.05
2013-09-03	66.04	66.15	65.13
2013-09-04	64.01	65.02	63.91
2013-09-05	64.6	65.04	64.56
2013-09-06	65.14	65.53	64.76
2013-09-09	65.37	66.42	65.3
2013-09-10	66.9	67.34	66.6
2013-09-11	67.03	67.9	66.65
2013-09-12	66.95	67.27	66.84
2013-09-13	66.2	66.61	65.93
2013-09-16	67.88	67.91	67.14
2013-09-17	67.25	67.58	67.12
2013-09-18	67.31	70.17	66.98
2013-09-19	69.62	69.63	68.13
2013-09-20	67.91	68.07	67.26
2013-09-23	67.8	68.03	67.44
2013-09-24	67.43	67.44	66.73
2013-09-25	67.7	67.92	67.36
2013-09-26	68.14	68.64	67.59
2013-09-27	67.13	67.23	66.76
2013-09-30	66.23	66.9	66.11
2013-10-01	66.09	66.59	65.91
2013-10-02	65.99	67.02	65.99
2013-10-03	66.38	66.55	65.69
2013-10-04	65.8	66.55	65.65
2013-10-07	65.28	66.33	65.25
2013-10-08	65.35	65.43	64.67
2013-10-09	65.24	65.68	64.81
2013-10-10	65.49	66.57	65.3
2013-10-11	66.32	67.35	66.09
2013-10-14	66.74	67.96	66.71
2013-10-15	67.77	68.21	67.64
2013-10-16	68.17	68.49	67.93
2013-10-17	68.39	69.18	68.35
2013-10-18	69.53	69.71	69.19
2013-10-21	70	70.38	69.76
2013-10-22	72.47	72.91	72.21
2013-10-23	71.69	71.72	71.2
2013-10-24	72.13	72.34	71.77
2013-10-25	71.9	72.04	71.6
2013-10-28	71.83	72.28	71.57
2013-10-29	71.84	72.03	71.38
2013-10-30	71.96	72.13	70.66
2013-10-31	71.46	71.71	70.68
2013-11-01	70.92	71.3	70.16
2013-11-04	71.7	71.92	71.31
2013-11-05	72.25	72.37	71.77
2013-11-06	72.53	72.96	72.42
2013-11-07	72.74	72.82	71.33
2013-11-08	71.24	71.88	70.94
2013-11-11	71.17	71.29	70.73
2013-11-12	70.37	70.65	69.79
2013-11-13	69.32	70.34	69.14
2013-11-14	70.07	70.95	69.76
2013-11-15	71.15	71.55	70.85
2013-11-18	71.51	71.85	70.82
2013-11-19	71.15	71.22	70.49
2013-11-20	71.28	71.47	70.02
2013-11-21	70.01	70.1	69.44
2013-11-22	69.03	69.11	68.77
2013-11-25	69.06	69.2	68.75
2013-11-26	68.22	68.53	68.08
2013-11-27	68.27	68.45	67.73
2013-11-29	68.55	68.95	68.14
2013-12-02	67.24	67.37	66.79
2013-12-03	66.17	66.69	66.02
2013-12-04	66.67	67.23	66.58
2013-12-05	66.63	67	66.29
2013-12-06	67.73	67.83	67.3
2013-12-09	66.81	67.48	66.74
2013-12-10	67.08	67.33	66.58
2013-12-11	66.58	66.58	65.26
2013-12-12	64.24	64.4	63.62
2013-12-13	63.98	64.13	63.7
2013-12-16	64.81	65.15	64.19
2013-12-17	64.02	64.03	63.66
2013-12-18	64.29	65.1	63.7
2013-12-19	64.61	65.35	64.52
2013-12-20	65.82	66.16	65.73
2013-12-23	66.48	66.64	66.16
2013-12-24	66.37	67.1	66.3
2013-12-26	67.06	67.06	66.52
2013-12-27	67.64	67.64	67.28
2013-12-30	67.47	67.94	67.41
2013-12-31	67.47	68.2	67.47
2014-01-02	67.4	67.6	66.88
2014-01-03	67.56	67.76	67.3
2014-01-06	67.25	67.25	66.5
2014-01-07	66.8	66.84	66.11
2014-01-08	66.36	66.45	65.76
2014-01-09	65.36	65.4	64.79
2014-01-10	65.14	65.81	65
2014-01-13	65.62	66.11	65.29
2014-01-14	65.4	65.55	64.9
2014-01-15	64.39	65.25	64.15
2014-01-16	66.57	66.89	66.44
2014-01-17	67.43	67.54	66.93
2014-01-21	66.61	66.7	65.81
2014-01-22	66.16	66.25	65.86
2014-01-23	65.9	65.91	64.47
2014-01-24	64.27	64.31	62.94
2014-01-27	63.87	63.95	62.81
2014-01-28	63.88	64.25	63.7
2014-01-29	63.44	64.17	63.28
2014-01-30	64.35	64.35	63.7
2014-01-31	63.22	64.03	63.18
2014-02-03	63.76	63.84	62.68
2014-02-04	62.92	63.75	62.76
2014-02-05	62.87	63.75	62.84
2014-02-06	63.85	65.03	63.78
2014-02-07	65	65.74	64.59
2014-02-10	65.33	65.58	65.16
2014-02-11	65.89	67.41	65.89
2014-02-12	67.84	67.95	67.44
2014-02-13	67.01	67.78	66.89
2014-02-14	68.2	68.65	68.19
2014-02-18	70.43	70.48	69.6
2014-02-19	69.79	70.87	69.63
2014-02-20	70.01	70.67	69.89
2014-02-21	70.84	71.13	70.61
2014-02-24	70.31	71.26	70.23
2014-02-25	70.45	70.55	69.41
2014-02-26	69.52	69.58	68.87
2014-02-27	68.96	69.55	68.89
2014-02-28	69	69.66	68.77
2014-03-03	68.2	68.61	67.91
2014-03-04	68.65	68.99	68.27
2014-03-05	67.34	67.87	67.23
2014-03-06	68	68.48	67.94
2014-03-07	67.73	67.73	66.29
2014-03-10	65.34	65.34	64.59
2014-03-11	65.06	65.45	63.82
2014-03-12	63.93	64.53	63.8
2014-03-13	65.59	65.77	64.21
2014-03-14	64.45	64.91	64.05
2014-03-17	65.07	65.52	64.95
2014-03-18	65.38	65.78	65.33
2014-03-19	64.99	65.13	63.91
2014-03-20	63.77	64.58	63.54
2014-03-21	64.8	65.11	64.54
2014-03-24	65.41	65.46	64.51
2014-03-25	66.06	66.86	66.06
2014-03-26	67.31	67.37	66.13
2014-03-27	66.46	67.1	66.34
2014-03-28	67.38	67.83	67.28
2014-03-31	67.66	67.98	67.36
2014-04-01	68.8	69.22	68.56
2014-04-02	69.58	69.89	69.47
2014-04-03	69.43	69.71	68.92
2014-04-04	70.4	70.98	69.88
2014-04-07	69.74	70.39	69.55
2014-04-08	70.21	71.8	70.2
2014-04-09	71.95	72.4	71.46
2014-04-10	71.22	71.3	70.44
2014-04-11	70.23	70.68	70.01
2014-04-14	70.86	71.44	70.73
2014-04-15	70.32	70.35	69.18
2014-04-16	70.85	71.09	70.44
2014-04-17	70.94	71.47	70.74
2014-04-21	71.25	71.32	70.56
2014-04-22	71.5	71.57	71.05
2014-04-23	71.06	71.28	70.43
2014-04-24	71.29	71.36	70.64
2014-04-25	70.88	71.14	70.51
2014-04-28	70.13	70.18	69.31
2014-04-29	70	70.58	69.99
2014-04-30	70.47	70.7	70.31
2014-05-01	69.65	69.81	69.08
2014-05-02	69.67	70.38	69.55
2014-05-05	69.57	69.92	69.18
2014-05-06	69.92	70.83	69.88
2014-05-07	69.65	70.48	69.59
2014-05-08	70.41	70.48	70.1
2014-05-09	70.19	70.21	69.16
2014-05-12	70.58	71	70.51
2014-05-13	71.17	71.61	71
2014-05-14	71.96	72.4	71.9
2014-05-15	71.92	72.04	71.25
2014-05-16	70.86	70.98	70.5
2014-05-19	70.03	70.26	69.73
2014-05-20	69.31	69.49	68.43
2014-05-21	69.14	69.14	68.62
2014-05-22	69.71	69.95	69.63
2014-05-23	69.59	70.15	69.5
2014-05-27	70.08	70.23	69.83
2014-05-28	69.24	69.34	69.02
2014-05-29	69.45	70.06	69.42
2014-05-30	68.16	68.28	67.59
2014-06-02	68.05	68.41	67.94
2014-06-03	67.31	67.64	67.01
2014-06-04	67.46	67.54	67.07
2014-06-05	67.26	67.86	67.11
2014-06-06	67.95	68.18	67.67
2014-06-09	68.1	68.31	68.05
2014-06-10	67.68	68	67.5
2014-06-11	67.59	67.89	67.53
2014-06-12	66.95	67.19	66.46
2014-06-13	66.6	66.85	66.41
2014-06-16	67.42	67.53	66.95
2014-06-17	65.98	66.43	65.54
2014-06-18	66.31	67.68	66.3
2014-06-19	68.53	68.84	68.16
2014-06-20	68	68.37	67.83
2014-06-23	69.06	69.44	68.85
2014-06-24	68.7	68.85	67.96
2014-06-25	67.8	68.17	67.72
2014-06-26	68.22	68.74	68.02
2014-06-27	68.51	68.9	68.47
2014-06-30	67.97	68.51	67.84
2014-07-01	68.9	69.5	68.87
2014-07-02	69.55	70.51	69.53
2014-07-03	70.69	71.29	70.39
2014-07-07	70.56	71.02	70.5
2014-07-08	70.74	70.84	70.23
2014-07-09	70.25	70.66	70.13
2014-07-10	69.42	70.12	69.37
2014-07-11	70.11	70.75	70.06
2014-07-14	71.45	71.55	71.12
2014-07-15	71.82	72.2	71.17
2014-07-16	72.14	73.05	72.12
2014-07-17	71.87	72.41	71.39
2014-07-18	71.8	72.08	71.72
2014-07-21	71.78	72.2	71.74
2014-07-22	73.02	73.46	73.01
2014-07-23	73.24	73.56	72.99
2014-07-24	73.66	73.72	73.21
2014-07-25	73.5	73.55	73.09
2014-07-28	73.27	73.5	72.83
2014-07-29	73.59	73.91	73.39
2014-07-30	72.68	72.81	71.7
2014-07-31	71.63	71.98	71.08
2014-08-01	70.84	71.38	70.58
2014-08-04	71.18	72.05	71
2014-08-05	71.12	71.15	70.1
2014-08-06	70.88	72.23	70.81
2014-08-07	71.6	71.6	70.22
2014-08-08	70.48	71.09	70.26
2014-08-11	71.3	71.53	71.15
2014-08-12	71.16	71.58	70.99
2014-08-13	71.06	71.36	70.83
2014-08-14	71	71.29	70.71
2014-08-15	72.53	72.59	71.57
2014-08-18	72.57	72.76	72.19
2014-08-19	70.29	70.7	69.92
2014-08-20	70.76	71.54	70.71
2014-08-21	70.53	70.61	70.15
2014-08-22	69.9	69.98	69.35
2014-08-25	69.69	69.7	69.29
2014-08-26	69.35	69.48	69.03
2014-08-27	69.7	69.88	69.37
2014-08-28	68.41	68.47	67.88
2014-08-29	68.46	68.68	68.19
2014-09-02	68.84	68.89	68.01
2014-09-03	67.52	67.79	67.03
2014-09-04	67.5	67.51	66.66
2014-09-05	66.52	66.88	66.28
2014-09-08	66.37	66.48	65.65
2014-09-09	66.1	66.2	65.72
2014-09-10	65.93	65.98	65.27
2014-09-11	64.85	65.25	64.8
2014-09-12	65.19	65.47	64.87
2014-09-15	64.8	64.9	64.35
2014-09-16	64.18	65.92	64.18
2014-09-17	64.97	65.04	63.89
2014-09-18	64.16	64.44	63.96
2014-09-19	63.8	64	63.06
2014-09-22	62.19	62.2	60.9
2014-09-23	61.67	61.86	61.28
2014-09-24	62.4	62.59	61.67
2014-09-25	61.02	61.05	59.8
2014-09-26	60.04	60.22	59.6
2014-09-29	58.86	59.39	58.74
2014-09-30	58.88	59.33	58.57
2014-10-01	58.66	58.98	58.17
2014-10-02	58.67	58.94	57.78
2014-10-03	57.71	57.89	56.81
2014-10-06	58.4	59.09	57.35
2014-10-07	57.9	58.12	56.92
2014-10-08	57.29	58.48	56.71
2014-10-09	58.55	58.71	57.16
2014-10-10	56	56.55	55.59
2014-10-13	57.34	58.18	56.98
2014-10-14	58.15	58.98	58.07
2014-10-15	58.03	58.87	57.48
2014-10-16	57.39	59.42	57.1
2014-10-17	59.06	59.43	58.71
2014-10-20	58.83	59.34	58.75
2014-10-21	60	60.17	59.33
2014-10-22	59.2	59.48	58.8
2014-10-23	59.13	59.22	58.65
2014-10-24	58.86	59.3	58.86
2014-10-27	58.61	59	58.42
2014-10-28	59.46	59.68	59.15
2014-10-29	60.01	60.03	58.6
2014-10-30	58.3	59.1	58.13
2014-10-31	58.94	59.5	58.66
2014-11-03	59.45	59.46	58.42
2014-11-04	59.14	59.16	58.54
2014-11-05	58.63	58.81	58.03
2014-11-06	58.52	58.54	57.93
2014-11-07	59.52	60.3	59.36
2014-11-10	60.22	60.33	59.09
2014-11-11	58.61	59.01	58.38
2014-11-12	58.29	58.62	57.81
2014-11-13	57.84	58.24	57.46
2014-11-14	57.05	58.49	56.99
2014-11-17	58.52	58.52	57.73
2014-11-18	57.86	58.01	57.27
2014-11-19	56.72	56.8	55.63
2014-11-20	54.4	55.34	54.35
2014-11-21	57.57	57.99	57.11
2014-11-24	56.94	57.05	55.98
2014-11-25	55.2	55.58	55.02
2014-11-26	55.74	55.77	55.13
2014-11-28	52.5	52.68	51.57
2014-12-01	50.96	51.49	50.35
2014-12-02	51.81	51.92	50.89
2014-12-03	51.49	52.16	51.06
2014-12-04	51.11	51.47	51.04
2014-12-05	50.45	50.72	50.1
2014-12-08	49.74	49.82	49.03
2014-12-09	47.8	49.1	47.66
2014-12-10	48.1	48.19	47.44
2014-12-11	47.05	47.81	46.97
2014-12-12	46.63	46.96	46.08
2014-12-15	45.67	45.95	44.9
2014-12-16	45.42	47.34	44.99
2014-12-17	45.36	46.94	45.09
2014-12-18	46.47	46.78	45.89
2014-12-19	47.1	48.54	46.97
2014-12-22	48.24	48.31	47.21
2014-12-23	47.11	47.72	46.84
2014-12-24	47.02	47.07	46.56
2014-12-26	47.14	47.96	47.1
2014-12-29	48.26	48.73	48.05
2014-12-30	47.84	48.42	47.82
2014-12-31	47.65	47.84	47.25
