03/04/03	4190	4230	4120	1750083
04/04/03	4199	4230	4050	1358589
07/04/03	4320	4350	4210	1600893
08/04/03	4250	4295	4182	3421625
09/04/03	4125	4260	4125	1750690
10/04/03	3990	4090	3950	2929669
11/04/03	4080	4139	3980	2597847
14/04/03	4110	4130	4075	1546058
15/04/03	4101	4190	4101	4729097
16/04/03	4100	4160	4066	6488520
17/04/03	4060	4110	4030	1239742
22/04/03	4045	4065	4030	1073849
23/04/03	3970	4100	3970	3006692
24/04/03	3650	3899	3600	2825866
25/04/03	3535	3655	3531	2281956
29/04/03	3672	3749	3645	2973266
30/04/03	3740	3770	3600	2330658
02/05/03	3770	3800	3690	3297340
05/05/03	3759	3850	3700	1134000
06/05/03	3733	3790	3680	1316325
07/05/03	3585	3750	3560	4920014
08/05/03	3610	3648	3550	2648013
09/05/03	3585	3630	3570	2222059
12/05/03	3740	3800	3640	3994714
13/05/03	3705	3800	3690	2588014
14/05/03	3821	3840	3701	3500654
15/05/03	3980	3980	3826	4724535
16/05/03	3885	4000	3860	2157912
19/05/03	3930	3960	3820	3573531
20/05/03	3900	3990	3806	1444367
21/05/03	3850	3850	3760	2514046
22/05/03	3905	3950	3850	1353525
23/05/03	3990	3990	3900	2972895
26/05/03	4040	4100	3910	296389
27/05/03	4105	4105	3980	2189289
28/05/03	4242	4310	4140	3211608
29/05/03	4196	4275	4180	3316740
30/05/03	4225	4281	4120	3330396
02/06/03	4280	4290	4225	2202029
03/06/03	4221	4260	4120	2063096
04/06/03	4270	4300	4185	4821490
05/06/03	4251	4391	4220	3060486
06/06/03	4400	4400	4261	2468219
09/06/03	4247	4365	4150	2145264
10/06/03	4287	4324	4200	1974839
11/06/03	4290	4315	4240	1723516
12/06/03	4246	4462	4220	2414268
13/06/03	4295	4295	4230	2336004
17/06/03	4400	4400	4321	1753755
18/06/03	4410	4460	4325	10688298
19/06/03	4340	4460	4340	8067009
20/06/03	4285	4400	4270	1451620
23/06/03	4320	4400	4285	638429
24/06/03	4140	4295	4125	2846448
25/06/03	4120	4150	4070	2942903
26/06/03	3989	4090	3980	2265326
27/06/03	3950	3975	3885	2340232
30/06/03	3979	4025	3885	1979613
01/07/03	3830	3950	3830	3843169
02/07/03	3853	3885	3801	3392083
03/07/03	3995	4064	3900	3917809
04/07/03	4019	4075	3931	2652248
07/07/03	4100	4150	4022	2144993
08/07/03	4200	4200	4110	4059767
09/07/03	4073	4180	4073	1550517
10/07/03	4120	4150	4050	1424958
11/07/03	4145	4200	4120	1917498
14/07/03	4380	4380	4140	3145225
15/07/03	4260	4290	4220	5424937
16/07/03	4280	4350	4250	4181020
17/07/03	4235	4280	4190	3667185
18/07/03	4240	4400	4205	3165527
21/07/03	4240	4274	4200	1206556
22/07/03	4219	4220	4160	3287378
23/07/03	4265	4290	4240	3896028
24/07/03	4440	4440	4250	5998813
25/07/03	4455	4550	4440	2338432
28/07/03	4420	4539	4377	2281169
29/07/03	4380	4420	4330	3525946
30/07/03	4367	4430	4360	1281209
31/07/03	4430	4430	4300	3492893
01/08/03	4440	4520	4420	4415139
04/08/03	4450	4490	4400	2374232
05/08/03	4505	4549	4470	5136603
06/08/03	4430	4489	4420	3766246
07/08/03	4380	4450	4330	4117385
08/08/03	4514	4540	4340	6548631
11/08/03	4497	4550	4480	3510102
12/08/03	4540	4550	4480	6487652
13/08/03	4660	4675	4560	9072321
14/08/03	4580	4620	4575	8921403
15/08/03	4641	4665	4565	4285689
18/08/03	4725	4795	4650	3242374
19/08/03	4735	4760	4705	9870779
20/08/03	4660	4775	4650	4379671
21/08/03	4810	4818	4661	7014744
22/08/03	4838	4870	4790	6598756
25/08/03	4805	4810	4750	780048
26/08/03	4624	4780	4610	8555214
27/08/03	4644	4670	4610	6345485
28/08/03	4760	4775	4650	3946033
29/08/03	4860	4895	4760	3586310
01/09/03	4950	4995	4860	5155800
02/09/03	4840	5000	4800	5621650
03/09/03	4880	4930	4811	5615141
04/09/03	4948	4960	4810	5670388
05/09/03	5100	5120	4920	13643312
08/09/03	5210	5250	5100	5197000
09/09/03	5217	5280	5150	11770044
10/09/03	5064	5190	5049	7843841
11/09/03	5045	5065	5000	7251129
12/09/03	5070	5085	5040	7322025
15/09/03	5060	5100	5000	2791513
16/09/03	5150	5160	5030	2660210
17/09/03	5010	5200	5010	2902435
18/09/03	5045	5100	4980	3772500
19/09/03	5075	5110	5000	4536004
22/09/03	4935	5030	4935	5257306
23/09/03	4861	4920	4830	3421181
25/09/03	4865	4900	4805	1839196
26/09/03	4845	4900	4805	1989561
29/09/03	4865	4880	4800	1630317
30/09/03	4650	4850	4605	5565774
01/10/03	4580	4650	4550	3210285
02/10/03	4675	4675	4550	3973648
03/10/03	4850	4865	4650	2419898
06/10/03	5045	5070	4865	2362946
07/10/03	4850	5000	4850	2463132
08/10/03	4967	5035	4860	2246459
09/10/03	5209	5220	4990	4034788
10/10/03	5250	5250	5145	1883739
13/10/03	5510	5510	5250	5080363
14/10/03	5400	5640	5360	3087855
15/10/03	5600	5670	5405	3701450
16/10/03	5495	5630	5470	1789912
17/10/03	5662	5700	5490	1706854
20/10/03	5642	5690	5605	1794220
21/10/03	5590	5670	5570	2477745
22/10/03	5420	5630	5410	3664518
23/10/03	5275	5322	5210	2895294
24/10/03	5180	5330	5180	3682467
27/10/03	5195	5275	5135	2155115
28/10/03	5325	5340	5180	947749
29/10/03	5323	5375	5250	2166378
30/10/03	5560	5650	5250	2517248
31/10/03	5500	5600	5410	3702178
03/11/03	5468	5540	5380	3004122
04/11/03	5485	5540	5380	3475252
05/11/03	5440	5489	5375	2698032
06/11/03	5470	5500	5385	2510719
07/11/03	5480	5570	5457	3151541
10/11/03	5395	5450	5310	1539510
11/11/03	5234	5350	5155	1953204
12/11/03	5340	5350	5200	1694540
13/11/03	5290	5450	5275	1011899
14/11/03	5260	5290	5180	8869691
17/11/03	5029	5199	5020	7310655
18/11/03	5024	5095	4990	7289231
19/11/03	4950	4960	4860	7521131
20/11/03	4820	5000	4810	3821703
21/11/03	4880	4900	4800	3670963
24/11/03	4890	4949	4830	3838159
25/11/03	4968	5070	4950	4627414
26/11/03	4875	4950	4855	3578265
27/11/03	4896	4950	4850	1539659
28/11/03	4885	4990	4850	2603884
01/12/03	5050	5050	4805	5771695
02/12/03	5032	5125	5000	4223837
03/12/03	4960	5080	4876	4353745
04/12/03	4875	5025	4861	2670429
05/12/03	5140	5197	4950	4249876
08/12/03	5111	5190	5050	2412226
09/12/03	5230	5299	5155	2759561
10/12/03	5190	5320	5120	8423765
11/12/03	5115	5290	5071	4422068
12/12/03	5150	5190	5100	2976362
15/12/03	5220	5265	5150	2415622
17/12/03	5200	5290	5150	3745292
18/12/03	5445	5445	5258	6285877
19/12/03	5670	5700	5360	4700101
22/12/03	5710	5851	5699	2508248
23/12/03	5655	5750	5650	1464710
24/12/03	5780	5802	5700	424526
29/12/03	5714	5805	5714	423807
30/12/03	5775	5880	5701	569111
31/12/03	5800	5810	5750	427563
02/01/04	5850	5900	5790	536999
05/01/04	5710	5825	5681	2375654
06/01/04	5810	5894	5620	2049412
07/01/04	5720	5820	5720	2297336
08/01/04	5741	5799	5600	4463418
09/01/04	5705	5781	5671	2275349
12/01/04	5860	5920	5670	4482067
13/01/04	6025	6110	5860	6077333
14/01/04	6080	6220	6035	5043547
15/01/04	6125	6135	5980	2710064
16/01/04	6083	6385	6083	3787208
19/01/04	6129	6190	6050	3919149
20/01/04	6045	6220	6035	4095468
21/01/04	6090	6100	5956	1812051
22/01/04	6150	6259	6065	2162221
23/01/04	6150	6200	6105	2673239
26/01/04	6180	6249	6135	2095419
27/01/04	6048	6180	6035	2612534
28/01/04	5880	6000	5876	2604704
29/01/04	5850	5945	5775	7169359
30/01/04	5790	5900	5715	7568959
02/02/04	5815	5850	5761	4462965
03/02/04	5730	5800	5635	6922059
04/02/04	5725	5760	5670	4544799
05/02/04	5670	5710	5600	6826840
06/02/04	5800	5850	5710	3960649
09/02/04	5950	6015	5775	4355591
10/02/04	5939	6050	5930	4863660
11/02/04	5820	5935	5820	2949942
12/02/04	5907	5995	5806	2816327
13/02/04	5977	6049	5911	1664189
16/02/04	5995	6000	5910	1627159
17/02/04	6120	6140	6020	1168168
18/02/04	6115	6140	6060	3506592
19/02/04	6365	6375	6121	8452879
20/02/04	6390	6430	6335	5908349
23/02/04	6200	6400	6180	5363276
24/02/04	6000	6200	5990	3058251
25/02/04	6095	6100	6000	2661417
26/02/04	6181	6225	6130	1249857
27/02/04	6189	6230	6130	2000307
01/03/04	6321	6321	6160	5019799
02/03/04	6480	6515	6360	6102935
03/03/04	6435	6625	6410	3873906
04/03/04	6351	6390	6280	3170236
05/03/04	6205	6357	6176	2245822
08/03/04	6200	6265	6180	1306588
09/03/04	6200	6274	6071	3276142
10/03/04	6001	6190	5935	10106053
11/03/04	5898	5990	5850	3626749
12/03/04	6009	6010	5720	5105160
15/03/04	5860	6200	5860	3004911
16/03/04	5975	5999	5810	1752793
17/03/04	6091	6099	5980	3875765
18/03/04	6170	6220	6030	11213517
19/03/04	6025	6190	6025	1528670
23/03/04	5902	5925	5850	2189672
24/03/04	5710	5910	5680	3717985
25/03/04	5700	5784	5690	3981809
26/03/04	5860	5898	5740	2505964
30/03/04	5800	5860	5680	3116856
31/03/04	5800	5860	5755	1903403
01/04/04	5901	5925	5800	1479400
02/04/04	6170	6230	6000	2160465
05/04/04	6048	6205	6026	4188821
06/04/04	6040	6070	5975	3216320
07/04/04	5850	5965	5850	2339418
08/04/04	5950	5990	5900	1560822
13/04/04	6045	6125	5975	2249186
15/04/04	5790	6000	5716	4932302
16/04/04	5722	5820	5710	2959107
19/04/04	5705	5800	5700	3056518
20/04/04	5765	5840	5715	2712396
21/04/04	5632	5755	5615	4739507
22/04/04	5711	5774	5650	6564654
23/04/04	5700	5880	5700	2622598
26/04/04	5715	5775	5680	1220327
28/04/04	5630	5719	5610	1704229
29/04/04	5540	5630	5385	6169668
30/04/04	5530	5560	5410	6009169
03/05/04	5560	5560	5415	3806552
04/05/04	5712	5712	5580	9356445
05/05/04	5681	5785	5680	5186704
06/05/04	5600	5650	5550	4661311
07/05/04	5626	5630	5500	3778085
10/05/04	5400	5620	5400	5319182
11/05/04	5375	5475	5300	4655188
12/05/04	5350	5410	5305	3463411
13/05/04	5352	5460	5352	3278841
14/05/04	5161	5445	5140	3625146
17/05/04	5230	5230	5040	4949199
18/05/04	5220	5345	5151	6342114
19/05/04	5550	5594	5300	4194233
20/05/04	5410	5490	5380	2904460
21/05/04	5585	5610	5450	4752568
24/05/04	5451	5697	5440	6939548
25/05/04	5418	5500	5380	4496572
26/05/04	5525	5590	5476	3179824
27/05/04	5591	5626	5525	3447752
28/05/04	5502	5600	5475	4771899
31/05/04	5550	5560	5400	916652
01/06/04	5450	5550	5435	1078783
02/06/04	5390	5520	5390	4200631
03/06/04	5250	5340	5200	4241007
04/06/04	5267	5310	5225	2579693
07/06/04	5421	5535	5320	4168631
08/06/04	5542	5560	5450	5639790
09/06/04	5481	5589	5470	3678445
10/06/04	5401	5600	5401	2420225
11/06/04	5351	5560	5266	3831548
14/06/04	5320	5399	5272	2155947
15/06/04	5255	5365	5255	2367552
17/06/04	5451	5498	5300	10015783
18/06/04	5460	5500	5370	3204030
21/06/04	5400	5549	5375	1443692
22/06/04	5308	5380	5308	1455796
23/06/04	5215	5345	5202	3031613
24/06/04	5370	5399	5260	4923553
25/06/04	5510	5545	5400	5528139
28/06/04	5425	5525	5351	5011429
29/06/04	5419	5425	5310	2579987
30/06/04	5382	5499	5350	2995627
01/07/04	5385	5460	5370	1446821
02/07/04	5325	5415	5300	2813396
05/07/04	5420	5450	5370	1273749
06/07/04	5500	5520	5453	2560518
07/07/04	5470	5550	5460	2710021
08/07/04	5439	5460	5380	4099846
09/07/04	5580	5580	5415	2526875
12/07/04	5580	5625	5520	2060686
13/07/04	5652	5710	5600	3473779
14/07/04	5552	5660	5521	2768522
15/07/04	5635	5689	5620	1309254
16/07/04	5565	5649	5530	5188113
19/07/04	5485	5700	5400	3803919
20/07/04	5404	5480	5375	3753760
21/07/04	5585	5600	5475	5427839
22/07/04	5415	5499	5410	7692311
23/07/04	5410	5529	5360	5040736
26/07/04	5461	5490	5400	2170291
27/07/04	5530	5550	5435	4755088
28/07/04	5629	5669	5570	7835827
29/07/04	5725	5725	5580	4202295
30/07/04	5735	5785	5623	2372914
02/08/04	5760	5765	5640	4153981
03/08/04	5875	5920	5770	3994992
04/08/04	5900	5900	5775	2610669
05/08/04	5870	5920	5821	2275904
06/08/04	5730	5855	5720	6177834
10/08/04	5675	5699	5560	2997240
11/08/04	5714	5805	5675	2111831
12/08/04	5974	6000	5700	5967741
13/08/04	6060	6095	6010	5170140
16/08/04	6300	6350	6025	3768500
17/08/04	6270	6350	6200	6027643
18/08/04	6130	6201	6060	5589927
19/08/04	6360	6390	6100	5212811
20/08/04	6379	6400	6315	1870260
23/08/04	6545	6555	6391	4181829
24/08/04	6349	6525	6349	4094394
25/08/04	6201	6310	6171	3544269
26/08/04	6220	6290	6190	3026911
27/08/04	6374	6374	6210	3634773
30/08/04	6290	6374	6250	473584
31/08/04	6215	6280	6190	1841817
01/09/04	6240	6250	6152	4101823
02/09/04	6220	6265	6185	7197199
03/09/04	6230	6250	6200	3332601
06/09/04	6225	6290	6201	4402589
07/09/04	6105	6230	6092	3731817
08/09/04	6198	6214	6050	3075764
09/09/04	6188	6260	6100	4176182
10/09/04	6142	6291	6110	4549910
13/09/04	6160	6184	6120	1589861
14/09/04	6139	6165	6090	2351643
15/09/04	6130	6230	6101	3915013
16/09/04	6365	6365	6140	6150529
17/09/04	6550	6550	6270	5697176
20/09/04	6430	6600	6365	5495231
21/09/04	6515	6525	6375	5895805
22/09/04	6535	6600	6470	4094488
23/09/04	6470	6550	6431	1270107
27/09/04	6425	6470	6360	1124731
28/09/04	6775	6775	6412	5287824
29/09/04	6850	6925	6823	5831095
30/09/04	6800	6851	6765	5816405
01/10/04	6945	6950	6781	3812374
04/10/04	6795	7050	6795	2676352
05/10/04	6920	6970	6830	2727332
06/10/04	6980	6985	6850	2656105
07/10/04	7215	7280	7065	4244473
08/10/04	7266	7330	7170	8530212
11/10/04	7180	7345	7175	3761289
12/10/04	7026	7175	7001	4247064
13/10/04	6780	7050	6725	7670715
14/10/04	6752	6800	6620	3842636
15/10/04	6700	6750	6575	3683617
18/10/04	6550	6700	6550	2132949
19/10/04	6390	6550	6390	6084540
20/10/04	6385	6410	6170	4120160
21/10/04	6461	6530	6386	2234767
22/10/04	6430	6525	6411	1998803
25/10/04	6450	6480	6255	1863371
26/10/04	6595	6595	6471	1951051
27/10/04	6540	6695	6510	2345448
28/10/04	6200	6640	6150	7044300
29/10/04	6223	6279	6130	3849710
01/11/04	6369	6395	6250	2931940
02/11/04	6333	6470	6330	2489304
03/11/04	6365	6495	6352	1925538
04/11/04	6325	6430	6300	1246617
05/11/04	6485	6500	6376	2492852
08/11/04	6375	6475	6375	2244105
09/11/04	6542	6640	6425	2620513
10/11/04	6624	6730	6550	6124138
11/11/04	6670	6700	6620	5961284
12/11/04	6530	6700	6480	2700115
15/11/04	6560	6615	6505	3053001
16/11/04	6490	6570	6430	3090651
17/11/04	6521	6549	6401	2022333
18/11/04	6630	6650	6535	5234941
19/11/04	6660	6660	6530	2787958
22/11/04	6500	6600	6460	2158557
23/11/04	6680	6750	6532	5084879
24/11/04	6760	6790	6695	2054439
25/11/04	6785	6880	6782	2187083
26/11/04	6800	6898	6750	5583978
29/11/04	6751	6850	6750	3359211
30/11/04	6725	6800	6660	2093245
01/12/04	6815	6870	6726	3787295
02/12/04	6798	6870	6750	1667758
03/12/04	6600	6798	6540	3118422
06/12/04	6502	6600	6407	3532743
07/12/04	6510	6510	6400	4340300
08/12/04	6400	6500	6380	2949072
09/12/04	6325	6450	6300	2972475
10/12/04	6301	6400	6270	3009899
13/12/04	6295	6340	6250	4062342
14/12/04	6390	6415	6320	4308921
15/12/04	6385	6450	6350	6981845
17/12/04	6520	6535	6375	2755988
20/12/04	6649	6680	6575	1318477
21/12/04	6585	6650	6585	1688189
22/12/04	6555	6648	6555	2111611
23/12/04	6525	6580	6510	503156
24/12/04	6560	6575	6525	172092
28/12/04	6575	6625	6560	278351
29/12/04	6545	6689	6545	549931
30/12/04	6640	6660	6620	602541
31/12/04	6600	6660	6600	156194
03/01/05	6650	6690	6600	969173
04/01/05	6530	6700	6506	1179695
05/01/05	6482	6530	6380	1566603
06/01/05	6799	6800	6550	2688599
07/01/05	6685	6901	6660	1021513
10/01/05	6610	6730	6610	1346018
11/01/05	6750	6790	6540	1997176
12/01/05	6810	6895	6700	3527306
13/01/05	6880	6927	6730	3857593
14/01/05	7035	7049	6900	9518612
17/01/05	7185	7225	7040	6993686
18/01/05	7215	7289	7160	5035749
19/01/05	7101	7249	7101	2504610
20/01/05	7065	7130	7021	2464577
21/01/05	7143	7150	7010	1864792
24/01/05	7220	7289	7160	3721280
25/01/05	7220	7295	7165	2227146
26/01/05	7310	7330	7220	2487225
27/01/05	7375	7440	7310	8387318
28/01/05	7250	7390	7226	3055188
31/01/05	7291	7345	7251	1888988
01/02/05	7657	7719	7350	5737262
02/02/05	7778	7945	7540	2560905
03/02/05	7795	7900	7670	2760907
04/02/05	7715	7828	7655	2362320
07/02/05	7866	7866	7746	2644201
08/02/05	7811	7900	7800	3061327
09/02/05	7691	7799	7690	4178508
10/02/05	7709	7730	7560	5314829
11/02/05	7668	7750	7610	3444477
14/02/05	7750	7825	7700	4589751
15/02/05	7775	7850	7750	2719728
16/02/05	8035	8100	7921	3818680
17/02/05	8168	8250	8070	3511820
18/02/05	8150	8195	8060	3505163
21/02/05	8170	8250	8064	994675
22/02/05	7950	8249	7950	4045433
23/02/05	8110	8160	8000	3322886
24/02/05	8250	8250	8100	2520666
25/02/05	8470	8470	8267	1981652
28/02/05	8620	8630	8450	2931994
01/03/05	8502	8625	8400	2268075
02/03/05	8330	8502	8255	3733887
03/03/05	8467	8467	8335	5395357
04/03/05	8511	8548	8450	2001359
07/03/05	8352	8590	8270	3941345
08/03/05	8200	8505	8170	5459867
09/03/05	8381	8450	8320	3959114
10/03/05	8420	8450	8220	4611038
11/03/05	8310	8400	8150	5667264
14/03/05	8470	8475	8320	1047442
15/03/05	8465	8550	8390	3020790
16/03/05	8629	8690	8470	6279869
17/03/05	8875	8940	8565	11391530
18/03/05	8832	8899	8740	2196119
22/03/05	8625	8834	8380	2987178
23/03/05	8432	8700	8430	3382533
24/03/05	8260	8370	8210	4884851
29/03/05	8265	8400	8200	4697595
30/03/05	8303	8380	8180	6684768
31/03/05	8385	8430	8310	2315883
01/04/05	8500	8550	8385	2639821
04/04/05	8410	8500	8290	1359769
05/04/05	8244	8490	8180	1974537
06/04/05	8150	8200	8110	4858136
07/04/05	8250	8270	8115	3067995
08/04/05	8475	8475	8335	1644596
11/04/05	8300	8350	8200	1438573
12/04/05	8252	8400	8235	3980324
13/04/05	8025	8260	8000	4892751
14/04/05	8020	8080	7850	5919892
15/04/05	7850	8000	7760	3046285
18/04/05	7780	7780	7510	7538069
19/04/05	7815	7900	7810	4967804
20/04/05	7801	7910	7800	4479717
21/04/05	7705	7815	7700	4678522
22/04/05	7720	7800	7710	3834517
25/04/05	7851	7875	7680	3059482
26/04/05	7770	7860	7715	2214521
28/04/05	7301	7450	7230	6759888
29/04/05	7410	7520	7250	3797824
03/05/05	7515	7580	7380	1585638
04/05/05	7384	7515	7351	2161884
05/05/05	7600	7600	7370	2322946
06/05/05	7645	7699	7490	2500675
09/05/05	7740	7769	7660	2479248
10/05/05	7575	7800	7560	3439810
11/05/05	7529	7620	7480	4534702
12/05/05	7550	7600	7490	2256256
13/05/05	7240	7480	7230	4525520
16/05/05	7389	7400	7125	1891050
17/05/05	7390	7451	7336	2282207
18/05/05	7585	7619	7425	3267112
19/05/05	7525	7700	7520	1571097
20/05/05	7616	7616	7463	1625948
23/05/05	7571	7685	7571	2407611
24/05/05	7781	7800	7580	4931339
25/05/05	7591	7820	7590	2392840
26/05/05	7900	7950	7600	3677672
27/05/05	7880	8030	7880	4375454
30/05/05	8100	8100	7910	1332072
31/05/05	8200	8200	8030	5345769
01/06/05	8305	8390	8205	5766755
02/06/05	8445	8490	8390	5170038
03/06/05	8450	8620	8325	3841139
06/06/05	8430	8570	8430	3180155
07/06/05	8241	8445	8196	3809924
08/06/05	8270	8349	8200	2652238
09/06/05	8299	8400	8206	2898604
10/06/05	8291	8350	8200	9059423
13/06/05	8382	8430	8220	7629068
14/06/05	8420	8540	8400	3155292
15/06/05	8465	8625	8450	9461212
17/06/05	8864	8878	8700	4081260
20/06/05	8910	8910	8750	2167332
21/06/05	8811	8980	8790	2110131
22/06/05	8710	8750	8635	3124440
23/06/05	8569	8685	8510	4155076
24/06/05	8450	8600	8351	9077790
27/06/05	8495	8495	8361	6076571
28/06/05	8645	8710	8590	3589918
29/06/05	8640	8800	8621	2489692
30/06/05	8530	8749	8520	2244287
01/07/05	8650	8650	8450	2257030
04/07/05	8850	8850	8651	2852543
05/07/05	8930	9049	8851	2231838
06/07/05	9030	9099	8820	2779250
07/07/05	8900	9030	8615	5708830
08/07/05	9080	9114	8930	3546425
11/07/05	8989	9100	8925	1676645
12/07/05	8820	8949	8800	2937401
13/07/05	8865	8900	8715	3002837
14/07/05	8880	9000	8855	2490317
15/07/05	8750	8840	8675	3494629
18/07/05	8709	8725	8600	1394340
19/07/05	8725	8747	8600	2470829
20/07/05	8880	8955	8740	3386793
21/07/05	8990	9070	8900	6442654
22/07/05	9068	9080	8960	2154786
25/07/05	9240	9240	9110	2243647
26/07/05	9110	9234	9102	1502372
27/07/05	9020	9197	9020	690569
28/07/05	9190	9219	9060	2920288
29/07/05	9231	9360	9220	4429024
01/08/05	9088	9350	9080	1511610
02/08/05	9276	9320	9100	3011277
03/08/05	9570	9591	9302	2836156
04/08/05	9470	9600	9460	2667071
05/08/05	9415	9451	9301	2276732
08/08/05	9635	9725	9500	1325183
10/08/05	9650	9800	9650	2565444
11/08/05	9745	9800	9680	2873556
12/08/05	9925	9999	9820	1677997
15/08/05	10000	10050	9945	2593120
16/08/05	9750	10000	9700	3059684
17/08/05	9549	9749	9491	2453832
18/08/05	9475	9485	9375	3014088
19/08/05	9650	9650	9520	2551621
22/08/05	9820	9889	9750	2193817
23/08/05	9800	9820	9725	2541926
24/08/05	9390	9570	9365	4832543
25/08/05	9465	9489	9200	3584748
26/08/05	9401	9660	9380	4610308
29/08/05	9350	9406	9220	1334367
30/08/05	9470	9480	9370	3739614
31/08/05	9557	9610	9450	2457443
01/09/05	9750	9799	9521	3495880
02/09/05	9675	9720	9590	2325692
05/09/05	9400	9595	9350	1598552
06/09/05	9500	9550	9312	3337447
07/09/05	9555	9599	9460	2891171
08/09/05	9410	9540	9341	1709017
09/09/05	9459	9470	9400	1178651
12/09/05	9625	9648	9504	2349021
13/09/05	9551	9725	9530	1156813
14/09/05	9585	9635	9491	1580960
15/09/05	9760	9760	9625	8463200
16/09/05	10000	10033	9500	7165870
19/09/05	10110	10250	10050	4344209
20/09/05	9890	10239	9882	4760727
21/09/05	9949	9949	9675	2314361
22/09/05	9745	10030	9745	4533300
23/09/05	9675	9775	9620	3802719
26/09/05	10050	10075	9751	2846889
27/09/05	10031	10145	9931	1868797
28/09/05	10260	10290	10031	2331887
29/09/05	10175	10425	10099	1701157
30/09/05	10380	10380	10150	3028694
03/10/05	10120	10369	10100	2302934
04/10/05	10133	10200	10078	2121054
05/10/05	9889	9960	9783	2857015
06/10/05	9770	9829	9570	4864374
07/10/05	9500	9780	9456	6105274
10/10/05	9595	9745	9500	3122159
11/10/05	9669	9739	9501	3457991
12/10/05	9695	9705	9590	3311069
13/10/05	9322	9588	9250	4976094
14/10/05	9265	9477	9158	7256446
17/10/05	9355	9399	9230	2391892
18/10/05	9330	9600	9310	4205852
19/10/05	9126	9220	8923	5121281
20/10/05	9450	9450	9220	2607813
21/10/05	9165	9496	9160	2714837
24/10/05	9475	9475	9018	2096308
25/10/05	9620	9700	9470	2667874
26/10/05	9881	9881	9599	3863972
27/10/05	9610	9900	9610	2284816
28/10/05	9714	9800	9472	2279441
31/10/05	9910	9960	9790	3122348
01/11/05	10000	10050	9810	2209709
02/11/05	9755	9949	9684	3613231
03/11/05	10000	10006	9810	3503233
04/11/05	9950	10075	9900	2095909
07/11/05	9985	10000	9651	2007657
08/11/05	9850	10070	9850	2847372
09/11/05	9820	10050	9726	4104864
10/11/05	9925	9940	9754	1471036
11/11/05	9848	9920	9750	1806346
14/11/05	10088	10111	9952	3671608
15/11/05	9905	10090	9900	2495457
16/11/05	9700	10050	9679	1644870
17/11/05	9910	9982	9651	2042600
18/11/05	9986	10194	9931	1647083
21/11/05	9865	9991	9761	1146516
22/11/05	9765	10000	9765	2596198
23/11/05	9805	9940	9725	1052611
24/11/05	10040	10100	9850	1758412
25/11/05	9971	10170	9900	1904918
28/11/05	9801	10150	9801	2196739
29/11/05	9821	9939	9725	2917004
30/11/05	9650	9900	9650	3390672
01/12/05	9706	9800	9650	2474873
02/12/05	9995	10035	9830	3357818
05/12/05	9801	9990	9800	1385254
06/12/05	9799	9840	9662	2372675
07/12/05	9890	10020	9815	4119493
08/12/05	9790	9925	9656	3257055
09/12/05	10020	10047	9800	2460014
12/12/05	10129	10200	10026	3322643
13/12/05	9960	10120	9950	2465409
14/12/05	9970	10100	9800	1842343
15/12/05	10065	10065	9906	6787319
19/12/05	10095	10345	10010	2078240
20/12/05	10085	10140	9960	1307620
21/12/05	10220	10300	10085	1501125
22/12/05	10190	10295	10130	1963978
23/12/05	10175	10240	10169	526678
27/12/05	10400	10438	10175	929254
28/12/05	10300	10375	10253	3321049
29/12/05	10374	10400	10300	1529012
30/12/05	10390	10390	10275	473385
03/01/06	10480	10550	10395	1107548
04/01/06	10480	10600	10450	1193802
05/01/06	10459	10500	10375	1796841
06/01/06	10375	10499	10226	1172116
09/01/06	10650	10705	10450	3003442
10/01/06	10395	10650	10351	2817674
11/01/06	10415	10600	10390	1886742
12/01/06	10430	10512	10300	2536395
13/01/06	10230	10450	10230	3796191
16/01/06	10100	10375	10065	3761843
17/01/06	10255	10329	10065	4306206
18/01/06	10625	10659	10160	6417251
19/01/06	10850	10975	10530	7999387
20/01/06	10970	11025	10710	2358296
23/01/06	10840	10860	10700	3219087
24/01/06	10900	11019	10818	2698319
25/01/06	11215	11276	10810	2032867
26/01/06	11353	11490	11250	2900983
27/01/06	11500	11695	11300	4982899
30/01/06	11469	11700	11215	4316555
31/01/06	11301	11450	11253	5655179
01/02/06	11489	11550	11200	2244907
02/02/06	11384	11629	11250	4796272
03/02/06	10850	11190	10850	4212652
06/02/06	11038	11091	10851	2926452
07/02/06	10900	11125	10770	3428880
08/02/06	10550	10791	10421	4593211
09/02/06	10780	10780	10551	2557426
10/02/06	10405	10750	10405	2496809
13/02/06	10065	10265	10050	4182310
14/02/06	10130	10279	10066	6010308
15/02/06	10160	10380	10120	6211551
16/02/06	9945	10250	9910	3642558
17/02/06	10500	10550	9925	4166300
20/02/06	10640	10640	10300	4875094
21/02/06	10638	10749	10481	2764253
22/02/06	10730	10800	10501	6113620
23/02/06	10540	10920	10530	6444856
24/02/06	10350	10500	10200	3507084
27/02/06	10550	10825	10307	976888
28/02/06	10210	10550	10206	3368721
02/03/06	10320	10638	10250	3039074
03/03/06	10475	10539	10111	3615418
06/03/06	10522	10699	10350	1993571
07/03/06	10130	10495	10050	3712190
08/03/06	9835	10100	9757	9065204
09/03/06	10030	10155	9890	6359571
10/03/06	9911	10097	9850	3333115
13/03/06	10090	10270	10035	1974110
14/03/06	10300	10300	10100	3907904
15/03/06	10670	10670	10205	4290994
16/03/06	10690	10800	10301	9178583
17/03/06	10740	10849	10620	2035655
20/03/06	10835	10930	10701	4361848
22/03/06	10694	10800	10500	2152027
23/03/06	10826	10950	10735	2142885
24/03/06	11115	11180	10870	2185628
27/03/06	11129	11415	11083	2621980
28/03/06	10985	11250	10880	1721651
29/03/06	11201	11299	10945	2244598
30/03/06	11600	11600	11359	3447372
31/03/06	11249	11649	11249	3921528
03/04/06	11805	11850	11476	4939059
04/04/06	11840	11900	11653	2848574
05/04/06	12055	12196	11836	4365644
06/04/06	12055	12300	11808	4149096
07/04/06	11878	12089	11850	3285709
10/04/06	12125	12185	11840	2477809
11/04/06	12350	12577	12300	5674489
12/04/06	12085	12295	11900	3852272
13/04/06	12050	12289	11880	3829648
18/04/06	12536	12549	12350	2107294
19/04/06	12699	12815	12453	2544387
20/04/06	12390	12738	12271	2610906
21/04/06	12541	12550	12100	2161562
24/04/06	12625	12924	12510	2458911
25/04/06	12660	12760	12341	2504168
26/04/06	12929	12990	12700	2817314
28/04/06	12499	12696	12300	2066403
02/05/06	12900	12924	12600	4421381
03/05/06	12800	13150	12743	4082425
04/05/06	13025	13100	12650	5290643
05/05/06	13320	13370	13056	2551558
08/05/06	13289	13800	12950	4430520
09/05/06	13361	13449	13060	2030745
10/05/06	13500	13747	13450	2136432
11/05/06	13750	14090	13601	3593609
12/05/06	13650	13948	13469	5792017
15/05/06	13260	13699	13001	8515622
16/05/06	12965	13337	12773	6989654
17/05/06	12650	13489	12650	4772228
18/05/06	12560	12879	12260	5211202
19/05/06	12443	12850	12366	3857402
22/05/06	12141	12450	11903	8901697
23/05/06	12798	12798	12050	3941599
24/05/06	12560	13090	12301	5590436
25/05/06	12612	12747	12113	2770134
26/05/06	13140	13161	12761	4822321
29/05/06	13198	13580	13000	1844377
30/05/06	12830	13214	12830	3052415
31/05/06	13110	13125	12600	5951673
01/06/06	12625	13092	12600	4142857
02/06/06	12990	12990	12650	3977088
05/06/06	12920	13288	12806	1796262
06/06/06	12375	12734	12375	3829035
07/06/06	12357	12849	12155	6524080
08/06/06	11500	12225	11500	7230027
09/06/06	11980	12100	11700	7934055
12/06/06	11851	12199	11668	3186180
13/06/06	11250	11656	11249	6597790
14/06/06	11671	11714	10900	6098046
15/06/06	12480	12480	11800	12279054
19/06/06	12324	12596	12125	2095712
20/06/06	12780	12789	12100	3208660
21/06/06	13196	13300	12665	2486752
22/06/06	13227	13800	13050	3674409
23/06/06	13300	13800	13160	8064318
26/06/06	13351	13800	13300	5736758
27/06/06	13199	13600	13150	6299875
28/06/06	12952	13147	12820	7090313
29/06/06	13503	13550	13015	4600097
30/06/06	13875	14050	13730	5199778
03/07/06	13705	14000	13643	2038034
04/07/06	13670	13750	13569	2637533
05/07/06	13399	13739	13399	2551362
06/07/06	13801	13850	13503	2049963
07/07/06	13950	14100	13703	3118667
10/07/06	13905	14000	13753	2028878
11/07/06	13935	14040	13739	1717745
12/07/06	14299	14400	14000	2512277
13/07/06	13875	14497	13800	5750232
14/07/06	13589	13870	13450	2912839
17/07/06	13270	13949	13253	3830121
18/07/06	13087	13382	13000	3055014
19/07/06	13700	13700	13000	3731801
20/07/06	13515	13905	13280	4795553
21/07/06	13198	13455	13050	2538176
24/07/06	13248	13335	13000	4120203
25/07/06	13250	13400	13180	6000866
26/07/06	13250	13499	13110	4089180
27/07/06	13250	13365	13200	5628939
28/07/06	13108	13310	13005	2489449
31/07/06	13113	13269	12964	6204169
01/08/06	12850	13374	12850	10351315
02/08/06	13033	13089	12870	4548386
03/08/06	13025	13374	12932	5005102
04/08/06	13350	13465	13002	8337301
07/08/06	13016	13325	13001	2485095
08/08/06	13010	13199	12900	4644558
10/08/06	12581	12750	12457	5901646
11/08/06	12640	12790	12565	2218285
14/08/06	12860	12950	12660	2059583
15/08/06	12901	12950	12738	2959700
16/08/06	13285	13295	12900	4163297
17/08/06	13375	13700	13280	9566240
18/08/06	13500	13600	13208	3947348
21/08/06	14053	14053	13650	4030316
22/08/06	14255	14350	14100	6477867
23/08/06	13652	14000	13650	2976783
24/08/06	13420	13776	13385	2742371
25/08/06	13525	13596	13316	4336346
28/08/06	13845	14000	13430	1461590
29/08/06	13435	13850	13409	4842436
30/08/06	13660	13744	13400	1460523
31/08/06	13800	13800	13469	3176820
01/09/06	13805	13970	13707	1932576
04/09/06	13954	14049	13800	2036192
05/09/06	14005	14080	13850	2222576
06/09/06	13930	14090	13800	2085460
07/09/06	13566	13985	13566	3408120
08/09/06	13486	13800	13333	2932305
11/09/06	12746	13300	12728	4598826
12/09/06	12818	13030	12500	3753091
13/09/06	12800	12990	12740	3400393
14/09/06	13025	13324	12950	2987159
15/09/06	12735	13000	12650	1961043
18/09/06	12675	12889	12552	2152816
19/09/06	12661	12875	12605	3158623
20/09/06	12820	12820	12200	4825764
21/09/06	12916	13099	12717	9465003
22/09/06	12995	13549	12974	3799367
26/09/06	12899	12899	12525	4985959
27/09/06	13173	13287	13021	3823430
28/09/06	13391	13395	13200	3816617
29/09/06	13366	13679	13300	3777096
02/10/06	13670	13670	13403	1147881
03/10/06	13394	13670	13185	2871576
04/10/06	13140	13345	13120	7916046
05/10/06	13257	13399	12970	4009059
06/10/06	13214	13399	13017	3013184
09/10/06	13739	13739	13150	2598646
10/10/06	13709	13900	13480	2342807
11/10/06	13500	13675	13428	2141914
12/10/06	13608	13770	13339	1704725
13/10/06	13777	13872	13600	1811893
16/10/06	14149	14200	13799	2545492
17/10/06	14243	14549	14050	5460045
18/10/06	14299	14497	14147	4094075
19/10/06	14451	14600	14100	4038739
20/10/06	14520	14766	14450	5769948
23/10/06	14700	14722	14364	1838053
24/10/06	14585	14700	14451	1964501
25/10/06	14600	14872	14505	3964939
26/10/06	14450	14833	14368	2054581
27/10/06	14315	14670	14180	3957425
30/10/06	14400	14493	14150	1198114
31/10/06	14300	14524	14150	5642527
01/11/06	14600	14655	14300	4549063
02/11/06	14525	14670	14365	3232477
03/11/06	14550	14699	14451	2799979
06/11/06	14715	14715	14451	2480411
07/11/06	14820	14989	14625	4225292
08/11/06	14625	14799	14452	7846377
09/11/06	14320	14775	14300	4614083
10/11/06	14330	14675	14300	3846828
13/11/06	13575	14175	13575	6953949
14/11/06	13550	13695	13400	4409236
15/11/06	13419	13699	13251	5378395
16/11/06	13420	13550	13333	3047826
17/11/06	13131	13550	13040	3526818
20/11/06	13490	13530	13131	3040085
21/11/06	13251	13500	13080	4394505
22/11/06	13401	13580	13300	9159070
23/11/06	13200	13399	13162	3864784
24/11/06	13301	13487	13180	4435855
27/11/06	13200	13495	13182	9895539
28/11/06	13175	13425	13050	12112900
29/11/06	13340	13387	13110	6019735
30/11/06	13750	13850	13361	3834530
01/12/06	13609	13700	13500	1962693
04/12/06	13720	13750	13460	2205331
05/12/06	13815	13851	13641	3585028
06/12/06	13425	13850	13425	2202746
07/12/06	13386	13500	13300	3404818
08/12/06	13081	13440	13051	3812353
11/12/06	12955	13300	12906	3715167
12/12/06	12745	13020	12745	3354841
13/12/06	12814	12952	12660	3692378
14/12/06	12992	13120	12850	4247020
15/12/06	13199	13252	12976	2626100
18/12/06	12825	13190	12817	2013503
19/12/06	12752	12880	12660	3151965
20/12/06	12845	12990	12800	2635656
21/12/06	12946	12955	12620	14378792
22/12/06	12651	12820	12600	3093916
27/12/06	12775	12892	12665	1582669
28/12/06	12925	12940	12790	715116
29/12/06	12895	12950	12850	502637
02/01/07	13092	13137	12930	2104914
03/01/07	12650	13136	12650	4218471
04/01/07	12277	12590	12132	6661400
05/01/07	12407	12589	12150	2247686
08/01/07	12480	12600	12250	1887198
09/01/07	12555	12679	12422	4998935
10/01/07	12600	12751	12350	8531618
11/01/07	12860	12937	12550	4242188
12/01/07	13058	13180	12920	3605800
15/01/07	13085	13220	13065	2266725
16/01/07	12850	13000	12700	2922745
17/01/07	12580	12930	12434	3192596
18/01/07	12808	12835	12575	3512404
19/01/07	12850	12850	12540	2915285
22/01/07	12955	13100	12900	4319567
23/01/07	13100	13100	12810	3462095
24/01/07	13640	13654	13280	9251483
25/01/07	13625	13695	13475	10921144
26/01/07	13401	13630	13401	6822094
29/01/07	13450	13530	13400	2933904
30/01/07	13579	13690	13281	5476104
31/01/07	13540	13740	13400	8738598
01/02/07	13915	13975	13580	8790395
02/02/07	13900	14200	13730	9136688
05/02/07	13925	13996	13725	4436239
06/02/07	14050	14051	13780	7472887
07/02/07	14590	14702	14450	9756401
08/02/07	14460	14667	14351	6476210
09/02/07	14575	14650	14466	5531355
12/02/07	14830	14870	14600	1959346
13/02/07	15116	15131	14701	4137729
14/02/07	15375	15390	15125	5067219
15/02/07	15440	15547	15156	4310626
16/02/07	15170	15409	15050	2843893
19/02/07	15235	15300	15166	1744700
20/02/07	15145	15442	15145	3562457
21/02/07	14861	15175	14851	2160182
22/02/07	15320	15343	14900	2803221
23/02/07	15422	15441	15150	2899163
26/02/07	15300	15500	15220	1819709
27/02/07	14585	15180	14585	4268903
28/02/07	14521	14670	14263	5790405
01/03/07	14206	14799	14100	3927223
02/03/07	14325	14550	14021	4172868
05/03/07	14113	14178	13711	3405172
06/03/07	14460	14550	14153	2910265
07/03/07	14385	14565	14250	2127007
08/03/07	14635	14770	14460	3126445
09/03/07	14650	14750	14434	2527856
12/03/07	14725	14925	14601	2761836
13/03/07	14800	14925	14575	3362135
14/03/07	14446	14600	14274	4912425
15/03/07	14900	14984	14650	8647615
16/03/07	15218	15275	14850	3416295
19/03/07	15450	15549	15300	4630633
20/03/07	15559	15675	15350	2370631
22/03/07	15540	15990	15540	4086750
23/03/07	15875	15949	15500	2700465
26/03/07	15720	16176	15720	3490854
27/03/07	15989	16150	15823	2678321
28/03/07	16050	16150	15780	4008170
29/03/07	16342	16349	16110	3706110
30/03/07	16245	16342	16093	3685063
02/04/07	16155	16338	16005	1681184
03/04/07	16320	16463	16176	3106230
04/04/07	16220	16449	16077	1678962
05/04/07	16340	16340	16100	3084844
10/04/07	16725	16750	16350	1858629
11/04/07	16491	16800	16491	1960010
12/04/07	16405	16550	16264	2431822
13/04/07	16450	16525	16220	1297674
16/04/07	16600	16685	16463	2976562
17/04/07	16795	16799	16365	4925544
18/04/07	16245	16799	16180	5130513
19/04/07	16132	16200	15905	3367338
20/04/07	16150	16240	16061	2963984
23/04/07	16235	16350	16051	1788070
24/04/07	16075	16500	16060	4195742
25/04/07	16170	16260	15985	3058379
26/04/07	15911	16340	15889	3699154
30/04/07	15900	16100	15825	2634002
02/05/07	16100	16200	15880	2519661
03/05/07	16086	16274	15921	3380145
04/05/07	16740	16805	16218	3159750
07/05/07	17152	17275	16812	1737170
08/05/07	16292	17000	16250	5815918
09/05/07	16780	16822	16561	4539638
10/05/07	16880	16953	16465	3505973
11/05/07	17022	17030	16302	5539543
14/05/07	16365	17124	16305	5702548
15/05/07	16599	16671	16350	4070647
16/05/07	16525	16839	16414	2033028
17/05/07	16325	16841	16229	5670216
18/05/07	16703	16800	16210	2654305
21/05/07	16975	17005	16577	2272717
22/05/07	16800	17175	16800	2791276
23/05/07	17069	17100	16801	2537453
24/05/07	16769	17091	16744	3014088
25/05/07	16745	16823	16500	4222574
28/05/07	16926	16990	16753	858698
29/05/07	16945	17187	16879	1935646
30/05/07	17101	17101	16699	7219607
31/05/07	17341	17375	17150	3958357
01/06/07	17630	17681	17350	4232583
04/06/07	17820	17944	17630	3657983
05/06/07	18210	18240	17911	3853489
06/06/07	18080	18350	17979	4401857
07/06/07	18325	18450	17942	3208243
08/06/07	18150	18300	17950	5852176
11/06/07	18475	18475	18109	2008172
12/06/07	18400	18700	18300	3222265
13/06/07	18969	19000	18250	4344128
14/06/07	19299	19372	18920	3060402
15/06/07	19378	19450	19100	5760808
18/06/07	19150	19600	19020	3243126
19/06/07	19320	19400	19150	1892506
20/06/07	19625	19800	19270	4573692
21/06/07	19745	19966	19377	8689700
22/06/07	19525	19810	19425	2143034
25/06/07	19734	19734	19350	4338073
26/06/07	19984	20044	19630	2363390
27/06/07	19319	19775	19130	5271898
28/06/07	19650	19659	19319	2057853
29/06/07	19498	19800	19300	4098216
02/07/07	20145	20145	19376	2626866
03/07/07	20110	20231	19850	2770972
04/07/07	20085	20285	20061	1694256
05/07/07	20650	20751	20201	3852735
06/07/07	21149	21168	20323	2689220
09/07/07	21601	21790	21250	3242989
10/07/07	20995	21630	20980	2307061
11/07/07	21300	21300	20800	5806787
12/07/07	21770	21801	21340	5354227
13/07/07	21714	22051	21487	1827911
16/07/07	21373	21675	21250	3543863
17/07/07	21024	21260	20830	5528408
18/07/07	20720	20970	20711	3168488
19/07/07	21050	21095	20721	2806657
20/07/07	21000	21500	20829	4059039
23/07/07	21101	21200	20800	1989225
24/07/07	21050	21474	20900	2478108
25/07/07	20651	21100	20651	2437212
26/07/07	20305	20800	20150	4406938
27/07/07	19625	20350	19507	6674444
30/07/07	20393	20440	19900	6060643
31/07/07	21000	21200	20410	6051254
01/08/07	20280	20540	20000	8154470
02/08/07	20151	20599	20115	3987584
03/08/07	19750	20450	19750	6148777
06/08/07	19040	19850	19040	7859406
07/08/07	19385	19600	18980	3044945
08/08/07	20081	20114	19551	2882131
10/08/07	18500	19200	18300	5091422
13/08/07	19452	19700	18850	4647975
14/08/07	18944	19672	18944	2802826
15/08/07	18680	18841	18200	4678148
16/08/07	17610	18400	17424	7354086
17/08/07	17856	18863	16960	10582474
20/08/07	18800	19100	18300	5148549
21/08/07	18830	19110	18512	8352366
22/08/07	19700	19752	19100	7168204
23/08/07	19800	20350	19620	4762061
24/08/07	19883	20042	19406	10275783
27/08/07	20001	20380	19850	1431883
28/08/07	19820	20212	19820	6014270
29/08/07	20175	20300	19550	3888543
30/08/07	20350	20507	20175	3334013
31/08/07	21049	21150	20501	2579482
03/09/07	20899	21190	20755	1655315
04/09/07	21100	21169	20655	3456657
05/09/07	20856	21225	20680	3109054
06/09/07	21273	21350	20751	3145245
07/09/07	20951	21850	20951	4717382
10/09/07	20620	21150	20490	2228103
11/09/07	21193	21249	20550	3144740
12/09/07	20934	21300	20800	3676582
13/09/07	21580	21633	21029	7796199
14/09/07	21330	21723	21051	3837106
17/09/07	21100	21250	20820	3284276
18/09/07	21721	21940	20942	3995166
19/09/07	23174	23249	22489	6426162
20/09/07	23015	23243	22751	8573146
21/09/07	23300	23583	22990	2970880
25/09/07	24150	24790	23817	3823090
26/09/07	23750	24300	23600	5994272
27/09/07	23900	24175	23266	3224180
28/09/07	24361	24380	23800	4659766
01/10/07	25112	25250	24282	4153114
02/10/07	24596	25880	24520	5680247
03/10/07	24270	24800	24185	5916412
04/10/07	24111	24250	23738	4097888
05/10/07	24095	24300	24005	4614515
08/10/07	23973	24600	23669	1585287
09/10/07	24300	24300	23822	3068010
10/10/07	25000	25000	24500	2850463
11/10/07	25875	25950	25284	5899909
12/10/07	25428	25590	24764	4703480
15/10/07	25500	25930	25332	4240275
16/10/07	25520	25800	25233	5460873
17/10/07	25501	25630	24801	4834201
18/10/07	25630	26155	25460	5223854
19/10/07	25419	26013	25400	2996154
22/10/07	24585	25202	24450	3415505
23/10/07	24850	25150	24650	3641942
24/10/07	23969	24785	23915	5103951
25/10/07	24050	24125	23751	5919684
26/10/07	24527	24604	24131	9805428
29/10/07	25000	25374	24894	7790854
30/10/07	24750	25250	24647	3568547
31/10/07	24750	24820	24160	6021857
01/11/07	24213	25150	24011	5269138
02/11/07	23740	24230	23705	4651274
05/11/07	23375	23740	22850	5114138
06/11/07	23951	23970	23421	5501274
07/11/07	24000	24596	24000	7592578
08/11/07	22960	25752	22869	10338024
09/11/07	22910	23900	22910	4767248
12/11/07	22736	23625	22301	4308734
13/11/07	22250	23000	21923	3771620
14/11/07	22434	22850	22434	2659591
15/11/07	21900	22400	21705	4552410
16/11/07	22000	22464	21680	5050225
19/11/07	21275	22250	21275	4024568
20/11/07	21350	21375	20373	5750621
21/11/07	21072	21594	20923	3840329
22/11/07	20950	21200	20525	2763263
23/11/07	21926	21969	20850	3317566
26/11/07	22040	22700	21743	5146534
27/11/07	21910	22399	21800	4194438
28/11/07	21912	22290	21150	8246837
29/11/07	22390	22660	22050	4509864
30/11/07	22400	23014	22400	3310038
03/12/07	22299	22700	21920	3449934
04/12/07	21900	22500	21688	5325426
05/12/07	22200	22450	21875	10848568
06/12/07	22286	22600	21834	3369577
07/12/07	22594	22850	22010	1900658
10/12/07	22967	23151	22501	2498002
11/12/07	22880	23349	22650	4608099
12/12/07	22700	22700	22250	3781184
13/12/07	21725	22700	21725	3014624
14/12/07	21010	21999	21010	4366961
18/12/07	20925	21149	20040	4490054
19/12/07	20670	21200	20410	6796621
20/12/07	20750	21100	20455	7166511
21/12/07	21499	21573	20900	2890904
24/12/07	21400	21899	21400	972735
27/12/07	21300	21865	21300	1282575
28/12/07	21258	21489	21200	749944
31/12/07	20760	21300	20700	1161193
02/01/08	21050	21300	20800	1340873
03/01/08	20950	21030	20408	2778362
04/01/08	20965	22195	20950	3747582
07/01/08	20500	21000	20391	2490686
08/01/08	20800	20966	20250	1601473
09/01/08	20301	20900	20111	2887770
10/01/08	20113	20700	20025	4660246
11/01/08	20000	20689	19700	2615293
14/01/08	20186	20500	19700	2191280
15/01/08	20030	20525	20020	2774468
16/01/08	19494	19645	18907	3021659
17/01/08	19333	19590	18540	3643128
18/01/08	19169	19300	18485	4145492
21/01/08	17751	18788	17637	5279022
22/01/08	17612	18500	16500	8973982
23/01/08	17600	18699	17092	5329121
24/01/08	18965	19121	17800	5288411
25/01/08	20170	20260	18850	9906039
28/01/08	19625	20000	19200	3511622
29/01/08	20300	20650	19800	2497540
30/01/08	21249	21400	20000	4621612
31/01/08	21750	21865	20909	5865585
01/02/08	24200	24600	22300	12538772
04/02/08	23896	24340	23200	3127232
05/02/08	23522	24050	23350	8903018
06/02/08	22800	23070	21950	7278192
07/02/08	22120	22950	22101	8943969
08/02/08	22550	22570	21750	8636759
11/02/08	22400	22584	22011	4461165
12/02/08	23350	23450	22550	3212517
13/02/08	23252	23567	22878	2498082
14/02/08	23810	24000	23200	2998501
15/02/08	23236	23800	23130	2171945
18/02/08	24000	24050	23189	2174658
19/02/08	24699	24785	23965	2462174
20/02/08	24600	24860	24200	2056963
21/02/08	25200	25544	24600	3156740
22/02/08	24825	25200	24800	2767831
25/02/08	24277	25000	24026	1595161
26/02/08	24291	24567	24000	1771384
27/02/08	24465	24885	24120	2184328
28/02/08	24500	24945	24150	8962217
29/02/08	25480	25499	24602	5680906
03/03/08	25020	25400	24800	3154960
04/03/08	25350	25550	25015	3478048
05/03/08	25341	25572	24835	3494347
06/03/08	26500	26500	25351	4265752
07/03/08	25642	26500	25600	3122807
10/03/08	24200	25395	24101	3044331
11/03/08	23955	24100	23174	3194402
12/03/08	24626	24749	24010	2064690
13/03/08	24283	24799	24011	3114675
14/03/08	25586	25701	24620	3236793
17/03/08	24700	25400	24242	3680428
18/03/08	24301	24500	23651	3224034
19/03/08	23450	25100	23450	3607896
20/03/08	22401	22600	21900	7149438
25/03/08	22850	23000	22577	5965395
26/03/08	23002	23380	22561	4336483
27/03/08	23670	23967	23110	4571380
28/03/08	23801	24350	23450	1673550
31/03/08	23901	24197	23260	2323253
01/04/08	23635	24079	23181	2128499
02/04/08	23780	24049	23217	2606611
03/04/08	24010	24149	23713	1757674
04/04/08	24960	25093	24248	3411509
07/04/08	25969	26128	25393	2838611
08/04/08	25576	25849	25129	2776166
09/04/08	27380	27380	26000	4486763
10/04/08	27400	27540	26800	3054151
11/04/08	27150	27700	26600	2657240
14/04/08	26765	27000	26361	2991323
15/04/08	27569	27700	26765	2943571
16/04/08	28730	28850	27900	3619319
17/04/08	28307	29380	28268	2879371
18/04/08	27639	28500	27100	2576835
21/04/08	28208	28549	28081	2114442
22/04/08	28500	28800	28110	2745514
23/04/08	28880	29150	28409	2663710
24/04/08	27865	29140	27700	3841623
25/04/08	27966	28150	27250	2464651
29/04/08	27103	27965	27103	1809654
30/04/08	27000	27150	26470	2486102
05/05/08	28150	28500	27550	1278535
06/05/08	28810	28857	27889	2422874
07/05/08	28600	29049	28350	2468562
08/05/08	29669	29684	28500	3714425
09/05/08	29732	29977	29186	1709850
12/05/08	29780	29858	29353	2636322
13/05/08	30100	30250	29251	3277166
14/05/08	31450	31549	30700	5690907
15/05/08	31500	31595	30450	3562529
16/05/08	31708	32249	31386	2868303
19/05/08	31857	31857	31329	1920061
20/05/08	30908	31890	30451	3924978
21/05/08	30850	31110	30530	2379196
22/05/08	32125	32350	31000	5329884
23/05/08	30708	31790	30708	5112656
26/05/08	31274	31499	30800	1112303
27/05/08	30621	31274	30325	4495684
28/05/08	29845	30300	29579	4739115
29/05/08	29550	30400	29200	6729051
30/05/08	29200	29207	27800	4023031
02/06/08	29600	29650	29050	1564605
03/06/08	29080	29749	28920	2560573
04/06/08	28872	29288	28400	2471553
05/06/08	28899	29084	27650	3378884
06/06/08	29525	29877	29228	3572401
09/06/08	29419	29900	29300	2250055
10/06/08	28400	29400	28216	4955405
11/06/08	28350	28917	28000	2797884
12/06/08	28950	29218	27726	3102606
13/06/08	29150	29150	28415	1919180
17/06/08	30525	30550	29650	3443530
18/06/08	30000	30384	29700	3979410
