03/04/03	8101	8270	7960	797954
04/04/03	8025	8150	7850	1070217
07/04/03	8045	8045	7600	695512
08/04/03	8090	8200	7850	1228858
09/04/03	7900	8150	7800	1166823
10/04/03	8160	8290	8095	980951
11/04/03	8198	8198	8000	1048754
14/04/03	8150	8200	8050	356161
15/04/03	8097	8200	8050	707281
16/04/03	8150	8190	7900	580360
17/04/03	8165	8250	8050	2029714
22/04/03	8420	8525	8225	1315042
23/04/03	8480	8680	8360	1847604
24/04/03	8206	8307	7950	2035833
25/04/03	7620	7970	7620	2657292
29/04/03	7140	7550	7001	1797147
30/04/03	7390	7390	6850	2897022
02/05/03	7540	7750	7440	3481559
05/05/03	7460	7860	7450	1043355
06/05/03	7400	7550	7300	2242637
07/05/03	7295	7550	7250	1436787
08/05/03	7450	7600	7225	2447511
09/05/03	7519	7590	7260	3596198
12/05/03	7820	7980	7600	1613327
13/05/03	7950	8025	7850	2547168
14/05/03	8180	8180	7870	1683612
15/05/03	9000	9000	8260	2291422
16/05/03	8828	9400	8828	2238026
19/05/03	9300	9400	8700	1768346
20/05/03	9070	9800	9000	1731697
21/05/03	9050	9200	8800	1377095
22/05/03	9001	9455	9001	880617
23/05/03	9085	9200	8800	683435
26/05/03	9264	9285	9130	311025
27/05/03	9416	9870	9400	2992243
28/05/03	9310	9950	9250	2716450
29/05/03	9000	9250	8950	1238459
30/05/03	9000	9200	8800	1493869
02/06/03	9016	9120	8740	1370206
03/06/03	9108	9200	8950	748458
04/06/03	9350	9420	9030	594432
05/06/03	9300	9500	9110	1210956
06/06/03	9310	9450	9200	600609
09/06/03	9398	9420	9200	564386
10/06/03	9149	9350	9000	2227167
11/06/03	9345	9400	9080	1397154
12/06/03	9355	9500	9250	1021221
13/06/03	9515	9550	9300	624809
17/06/03	9855	9950	9715	1986970
18/06/03	9985	10100	9800	1404340
19/06/03	10070	10350	9750	1756433
20/06/03	9900	10250	9820	802596
23/06/03	9660	9900	9660	334020
24/06/03	9170	9699	9060	1186420
25/06/03	9038	9201	8975	1298054
26/06/03	9064	9210	8801	954803
27/06/03	8920	9090	8700	1248921
30/06/03	8957	9020	8640	477690
01/07/03	9380	9380	9000	373779
02/07/03	9375	9520	9199	984292
03/07/03	9470	9540	9260	833064
04/07/03	9400	9500	9200	497510
07/07/03	8999	9310	8950	2049511
08/07/03	9249	9350	8975	1373015
09/07/03	9100	9350	9050	430625
10/07/03	8851	9000	8750	677763
11/07/03	9030	9050	8900	633823
14/07/03	9157	9280	9030	470404
15/07/03	8970	9350	8970	1090133
16/07/03	8300	8695	8300	3214671
17/07/03	8485	8485	8200	2015669
18/07/03	8210	8485	8200	1724633
21/07/03	8425	8480	8200	1480446
22/07/03	8570	8600	8381	1367782
23/07/03	8551	8630	8451	2717297
24/07/03	8866	8950	8601	1714079
25/07/03	9025	9180	9000	948981
28/07/03	8999	9200	8825	1384572
29/07/03	8600	8950	8510	1230091
30/07/03	8750	8750	8570	312336
31/07/03	8920	9060	8755	1638309
01/08/03	8800	8880	8600	787829
04/08/03	8820	8900	8600	804303
05/08/03	8700	9000	8640	1346723
06/08/03	8831	8831	8580	1177909
07/08/03	8489	8795	8420	2983942
08/08/03	8799	8799	8311	1036314
11/08/03	9251	9380	9021	1537880
12/08/03	9301	9440	9300	1915590
13/08/03	9400	9400	9200	1054731
14/08/03	9625	9940	9470	1427810
15/08/03	9671	9750	9500	618195
18/08/03	9300	9550	9250	594305
19/08/03	9460	9460	9150	881273
20/08/03	9876	10000	9601	1367610
21/08/03	9710	10090	9710	1832946
22/08/03	9603	9750	9400	1187087
25/08/03	9600	9700	9500	583550
26/08/03	9490	9600	9280	368760
27/08/03	9780	10000	9030	1062242
28/08/03	9850	9950	9706	1186313
29/08/03	10000	10170	9701	1695418
01/09/03	10190	10190	9885	781270
02/09/03	9700	10251	9650	1287194
03/09/03	9651	9800	9530	1216969
04/09/03	9706	9750	9450	1386933
05/09/03	10575	10575	9800	1597033
08/09/03	10504	10724	10350	1979123
09/09/03	11040	11101	10600	2077361
10/09/03	10498	10950	10450	2350413
11/09/03	10489	10700	10400	3469857
12/09/03	10650	10780	10525	1136727
15/09/03	10400	10660	10339	1158755
16/09/03	10510	10800	10350	779797
17/09/03	10500	10700	10404	1112752
18/09/03	10600	10750	10550	2131588
19/09/03	10800	10821	10520	1197185
22/09/03	10939	11325	10799	3598940
23/09/03	10549	10880	10520	1974272
25/09/03	10751	10960	10390	2770787
26/09/03	10237	10680	10200	2601856
29/09/03	10050	10190	9610	1207829
30/09/03	9970	10075	9700	1792751
01/10/03	9510	9980	9510	930303
02/10/03	9500	9685	9400	1128705
03/10/03	9604	9740	9501	1257779
06/10/03	9399	9550	9250	2402628
07/10/03	9398	9530	9240	781032
08/10/03	9495	9579	9400	1226356
09/10/03	9250	9590	9200	1164320
10/10/03	9506	9550	9250	1050894
13/10/03	9312	9600	9270	964691
14/10/03	9700	9775	9500	753113
15/10/03	9661	9825	9551	602155
16/10/03	9920	9951	9630	745477
17/10/03	10295	10300	9951	1494706
20/10/03	10200	10400	10090	1038310
21/10/03	10300	10350	10150	790906
22/10/03	10501	10800	10460	833302
23/10/03	10250	10600	10130	1835519
24/10/03	10302	10400	10001	1238370
27/10/03	10205	10400	10000	636075
28/10/03	10226	10300	10100	1087553
29/10/03	10350	10350	10111	836116
30/10/03	10260	10570	10130	2470858
31/10/03	9851	10240	9700	1733974
03/11/03	9451	9870	9450	1402066
04/11/03	9099	9501	8950	4031478
05/11/03	9117	9250	9055	776138
06/11/03	9126	9300	8980	1242564
07/11/03	8760	9095	8625	2922741
10/11/03	9089	9089	8860	1101899
11/11/03	9150	9150	9000	3805047
12/11/03	9190	9250	9020	3025460
13/11/03	9181	9499	9181	2829831
14/11/03	9070	9200	9011	1819498
17/11/03	8900	9100	8750	1014306
18/11/03	8800	8890	8720	629587
19/11/03	8820	8960	8750	2532058
20/11/03	8831	8980	8810	2071846
21/11/03	8720	8840	8620	1958556
24/11/03	8600	8725	8560	1319438
25/11/03	8520	8650	8400	1461505
26/11/03	8495	8550	8400	1411589
27/11/03	8590	8600	8400	405180
28/11/03	8800	8800	8300	1212298
01/12/03	8800	8940	8751	1853979
02/12/03	8639	8900	8560	1222221
03/12/03	8410	8700	8400	774643
04/12/03	8255	8590	8066	1306140
05/12/03	8190	8450	8050	1526165
08/12/03	8410	8496	8200	2947306
09/12/03	8526	8680	8400	2242636
10/12/03	8449	8530	8250	1463736
11/12/03	8245	8365	8150	1806207
12/12/03	8471	8550	8325	1209102
15/12/03	8610	8610	8250	549357
17/12/03	8532	8700	8350	745564
18/12/03	8401	8700	8390	3191387
19/12/03	8621	8621	8450	1675411
22/12/03	8950	9050	8622	1235483
23/12/03	9050	9140	8781	1099232
24/12/03	9100	9100	8850	195975
29/12/03	9220	9360	9050	868319
30/12/03	9350	9499	9255	530042
31/12/03	9550	9602	9350	415374
02/01/04	9560	9700	9500	923573
05/01/04	9409	9499	9260	943276
06/01/04	9540	9800	9260	991829
07/01/04	9528	9575	9350	1201562
08/01/04	9355	9550	9300	850367
09/01/04	9679	9700	9300	1780348
12/01/04	9944	9950	9620	1318264
13/01/04	10260	10260	9999	1582607
14/01/04	10100	10300	10020	1263916
15/01/04	9851	10080	9610	1275244
16/01/04	9800	10099	9700	1022637
19/01/04	9840	9957	9600	435563
20/01/04	9920	10160	9601	1921613
21/01/04	9670	9850	9600	845938
22/01/04	9760	9975	9651	1000341
23/01/04	9800	9975	9700	654113
26/01/04	9700	9800	9625	188543
27/01/04	9813	9889	9450	752770
28/01/04	9461	9880	9400	1695175
29/01/04	9201	9515	9051	1708543
30/01/04	9101	9300	9050	1441605
02/02/04	9000	9199	8980	1930144
03/02/04	9000	9199	8850	1921774
04/02/04	8810	9050	8800	1094223
05/02/04	8590	8694	8503	1076970
06/02/04	8931	9000	8630	1789900
09/02/04	9200	9245	9050	1124263
10/02/04	9105	9349	9090	1110492
11/02/04	8971	9110	8811	1003619
12/02/04	8826	9100	8780	1105867
13/02/04	8790	8826	8522	1014319
16/02/04	8590	8790	8511	441290
17/02/04	8725	8825	8590	778489
18/02/04	8650	8770	8502	1362291
19/02/04	8399	8650	8245	2347368
20/02/04	8325	8399	8206	1006790
23/02/04	8110	8295	8110	1751221
24/02/04	8050	8200	8001	743748
25/02/04	8100	8300	8070	1428872
26/02/04	8050	8200	8002	2082894
27/02/04	8200	8210	8070	2593246
01/03/04	8410	8499	8120	1665648
02/03/04	8250	8400	8200	1018386
03/03/04	8275	8350	8199	810502
04/03/04	8301	8495	8260	673586
05/03/04	8495	8620	8370	1571379
08/03/04	8300	8465	8300	1205876
09/03/04	8126	8250	8051	1210546
10/03/04	8160	8200	8075	1323203
11/03/04	8000	8180	8000	844452
12/03/04	7930	8160	7821	1470189
15/03/04	7880	8100	7830	1019819
16/03/04	7810	7880	7700	1236006
17/03/04	7741	7979	7720	1477649
18/03/04	8100	8150	7850	2634569
19/03/04	8190	8205	8000	842185
23/03/04	8101	8199	7910	1255675
24/03/04	8025	8280	8000	457142
25/03/04	7960	8245	7950	463502
26/03/04	8300	8400	8130	2046660
30/03/04	8248	8275	8002	2746887
31/03/04	8425	8475	8283	2851811
01/04/04	8500	8660	8285	3676204
02/04/04	8300	8500	8200	2609782
05/04/04	8080	8290	8010	1316946
06/04/04	8165	8300	8000	1827194
07/04/04	8223	8223	8003	2132194
08/04/04	8200	8270	8100	1981621
13/04/04	8120	8200	8080	853763
15/04/04	7940	8100	7770	2104809
16/04/04	7910	7950	7850	1192266
19/04/04	7850	8000	7830	1115144
20/04/04	7731	7900	7700	1287298
21/04/04	7476	7600	7410	1818357
22/04/04	7410	7565	7351	3045953
23/04/04	7335	7500	7318	1428555
26/04/04	7440	7500	7360	1291470
28/04/04	6990	7410	6910	2274730
29/04/04	7125	7150	6950	3168254
30/04/04	7025	7200	7000	1642971
03/05/04	7148	7173	6901	989003
04/05/04	7280	7300	7150	1269518
05/05/04	7485	7485	7350	1180613
06/05/04	7355	7540	7250	1880133
07/05/04	7100	7355	7030	1369004
10/05/04	7079	7180	6921	1223290
11/05/04	7039	7200	6811	1016546
12/05/04	7160	7390	7099	1120221
13/05/04	7075	7250	7010	724855
14/05/04	6957	7100	6900	1112373
17/05/04	7200	7251	6810	1128903
18/05/04	6930	7221	6900	1661392
19/05/04	7300	7350	7050	1805063
20/05/04	7249	7400	7100	634222
21/05/04	7450	7600	7331	1960822
24/05/04	7190	7600	7190	970533
25/05/04	7500	7550	7210	1389428
26/05/04	7600	7680	7550	1280959
27/05/04	7750	7800	7650	1082136
28/05/04	7610	7700	7500	1197167
31/05/04	7709	7730	7650	138338
01/06/04	7530	7750	7502	744445
02/06/04	7213	7474	7213	1274364
03/06/04	7135	7359	7135	733433
04/06/04	6995	7135	6855	1099690
07/06/04	7121	7250	7055	1000492
08/06/04	7166	7300	7001	1258992
09/06/04	6915	7170	6915	1327649
10/06/04	6880	6950	6830	1218137
11/06/04	6700	6880	6620	1295943
14/06/04	6702	6790	6615	796221
15/06/04	6606	6750	6550	1079319
17/06/04	6601	6899	6550	2278521
18/06/04	6701	6800	6550	2112952
21/06/04	6600	6799	6600	494824
22/06/04	6760	6794	6590	378258
23/06/04	6502	6815	6502	809394
24/06/04	6830	6850	6600	1558635
25/06/04	6890	7070	6850	1400087
28/06/04	6849	7020	6800	680357
29/06/04	6515	6680	6401	931634
30/06/04	6531	6671	6520	1560722
01/07/04	6560	6730	6525	1077995
02/07/04	6450	6590	6440	1308520
05/07/04	6390	6500	6351	649150
06/07/04	6311	6500	6261	1816989
07/07/04	6327	6425	6300	2254655
08/07/04	6265	6369	6251	3365035
09/07/04	6224	6300	6101	2281758
12/07/04	6150	6350	6101	1863413
13/07/04	6155	6230	6105	914448
14/07/04	6101	6250	6050	1729252
15/07/04	6030	6150	6015	1834818
16/07/04	5872	6050	5825	3066938
19/07/04	5509	5750	5500	2445025
20/07/04	5550	5570	5450	1655123
21/07/04	5750	5773	5551	1541676
22/07/04	5750	5875	5601	1842422
23/07/04	5805	6000	5701	2008742
26/07/04	5840	5899	5790	1014484
27/07/04	5884	5944	5800	1508799
28/07/04	6151	6187	5900	2156078
29/07/04	6400	6499	6050	3806838
30/07/04	6461	6480	6350	1727312
02/08/04	6649	6687	6350	2086092
03/08/04	6718	6860	6604	2866284
04/08/04	6762	6825	6650	3026001
05/08/04	6699	6800	6650	1307355
06/08/04	6625	6680	6510	2149270
10/08/04	6570	6634	6400	1165908
11/08/04	6601	6601	6500	2135692
12/08/04	7201	7299	6625	2837599
13/08/04	7419	7600	7201	1912266
16/08/04	7700	7799	7450	1117310
17/08/04	7670	7760	7600	1907792
18/08/04	7725	7799	7600	993152
19/08/04	8090	8135	7650	1613564
20/08/04	8355	8437	8020	2980570
23/08/04	8350	8600	8320	2187349
24/08/04	8200	8350	8025	2863280
25/08/04	8200	8225	7801	1529863
26/08/04	8150	8300	8055	1443482
27/08/04	8202	8234	8020	1026301
30/08/04	8269	8340	8150	775294
31/08/04	8075	8190	7981	1459977
01/09/04	7970	8180	7900	429085
02/09/04	7840	7974	7780	1035864
03/09/04	7700	8000	7645	1464299
06/09/04	7700	7800	7611	440464
07/09/04	7470	7620	7422	1394178
08/09/04	7550	7640	7480	941239
09/09/04	7625	7700	7570	852970
10/09/04	7845	7900	7725	1509636
13/09/04	7800	8000	7721	774184
14/09/04	7930	7945	7710	597938
15/09/04	7950	8100	7930	827803
16/09/04	8095	8150	7900	1427417
17/09/04	8130	8200	8004	853156
20/09/04	8063	8130	7950	808168
21/09/04	8264	8349	8000	2249143
22/09/04	8475	8515	8225	2053196
23/09/04	8358	8499	8300	1547665
27/09/04	8169	8250	8061	727777
28/09/04	8474	8474	8170	1403224
29/09/04	8579	8640	8350	833834
30/09/04	8750	8850	8500	1780588
01/10/04	8700	8950	8683	777177
04/10/04	8628	8780	8461	614077
05/10/04	8850	8900	8601	1667649
06/10/04	8900	9100	8770	2676229
07/10/04	9100	9140	8900	2328276
08/10/04	9385	9385	9000	3450900
11/10/04	9100	9350	9075	1091470
12/10/04	9140	9300	9001	2620726
13/10/04	8987	9100	8700	2627094
14/10/04	9089	9200	8955	1334261
15/10/04	9402	9402	8900	3307308
18/10/04	9200	10101	9200	7532437
19/10/04	9010	9550	8901	2933795
20/10/04	8850	9070	8775	2410759
21/10/04	9060	9211	8935	1778954
22/10/04	9200	9200	8701	1244549
25/10/04	9161	9250	9000	2038406
26/10/04	9160	9210	9050	1453323
27/10/04	9100	9200	9000	1669955
28/10/04	8650	9040	8549	1797739
29/10/04	8601	8800	8600	3496773
01/11/04	8603	8800	8600	1773908
02/11/04	8680	8750	8650	2676116
03/11/04	8685	8910	8600	2323071
04/11/04	8450	8690	8195	3624170
05/11/04	8500	8600	8410	2529517
08/11/04	8500	8700	8450	2756846
09/11/04	8500	8550	8476	1992528
10/11/04	8500	8600	8401	2506689
11/11/04	8816	8900	8650	1831375
12/11/04	8350	8880	8340	2660714
15/11/04	8452	8600	8410	2319202
16/11/04	8436	8455	8250	1503401
17/11/04	8906	8940	8675	2957704
18/11/04	8970	8980	8650	2185266
19/11/04	8908	9030	8800	1912326
22/11/04	8835	9099	8750	418391
23/11/04	8570	8900	8460	1383710
24/11/04	8230	8560	8080	2283363
25/11/04	8251	8400	8190	1329790
26/11/04	8300	8400	8200	953664
29/11/04	8086	8371	8086	827538
30/11/04	8220	8300	8010	963622
01/12/04	8175	8226	8050	1155736
02/12/04	8215	8250	8100	1304566
03/12/04	8090	8250	8025	1651011
06/12/04	7765	8000	7650	1356895
07/12/04	7782	7899	7410	3271674
08/12/04	7462	7850	7370	3912697
09/12/04	7528	7846	7230	1327897
10/12/04	7450	7650	7400	2241446
13/12/04	7429	7500	7310	1147268
14/12/04	7400	7550	7300	839587
15/12/04	7498	7585	7400	1415416
17/12/04	7405	7500	7254	662665
20/12/04	7349	7410	7310	346985
21/12/04	7132	7350	7100	892042
22/12/04	7150	7200	7132	784888
23/12/04	7000	7150	7000	873051
24/12/04	7000	7000	6925	47073
28/12/04	7005	7190	6990	170654
29/12/04	6978	7121	6895	478570
30/12/04	6910	7000	6900	483068
31/12/04	6950	6950	6860	49082
03/01/05	7000	7120	6800	1062255
04/01/05	6990	7000	6850	190460
05/01/05	7095	7110	6990	248929
06/01/05	7700	7800	7300	984972
07/01/05	7575	7905	7450	315652
10/01/05	7521	7655	7461	1514774
11/01/05	7431	7550	7340	900448
12/01/05	7553	7700	7420	1100491
13/01/05	7401	7500	7350	528993
14/01/05	7300	7500	7251	916008
17/01/05	7010	7350	7010	268093
18/01/05	7091	7300	7050	1578970
19/01/05	6950	7125	6902	1333196
20/01/05	7116	7130	6910	969732
21/01/05	7100	7299	7050	806480
24/01/05	7085	7100	6950	981467
25/01/05	6950	7050	6920	528854
26/01/05	6742	6900	6726	641738
27/01/05	6602	6790	6602	819624
28/01/05	6631	6700	6551	741014
31/01/05	6840	6840	6550	766633
01/02/05	7010	7095	6710	692814
02/02/05	6889	7050	6822	439302
03/02/05	6800	6920	6700	388858
04/02/05	6790	6826	6700	419312
07/02/05	6790	6885	6680	1155957
08/02/05	6730	6790	6600	313252
09/02/05	6791	6820	6717	785748
10/02/05	6822	6900	6750	1191299
11/02/05	7025	7025	6830	1128054
14/02/05	7175	7200	7030	817049
15/02/05	7040	7174	7020	587097
16/02/05	6832	7000	6801	620934
17/02/05	6763	6840	6610	744352
18/02/05	6899	6949	6801	584351
21/02/05	6926	7031	6800	227793
22/02/05	6900	7030	6900	672986
23/02/05	6781	6825	6700	624666
24/02/05	6950	6980	6803	488867
25/02/05	6900	6950	6845	686459
28/02/05	6905	7020	6880	999739
01/03/05	7000	7060	6905	452622
02/03/05	6936	6980	6830	362406
03/03/05	7150	7201	7000	1415375
04/03/05	7060	7200	7050	273625
07/03/05	7051	7055	6815	304411
08/03/05	7100	7200	6950	868936
09/03/05	7255	7290	7100	445336
10/03/05	7360	7480	7250	390381
11/03/05	7352	7500	7255	1650707
14/03/05	7425	7446	7352	1132907
15/03/05	7525	7700	7424	1386447
16/03/05	7750	7750	7575	743554
17/03/05	8141	8290	7805	2946901
18/03/05	7851	8100	7851	881689
22/03/05	7670	7700	7500	603390
23/03/05	7637	7800	7550	415315
24/03/05	7475	7625	7400	714693
29/03/05	7335	7474	7282	448791
30/03/05	7125	7300	7026	856049
31/03/05	7250	7350	7100	844833
01/04/05	7165	7301	7162	746722
04/04/05	7025	7165	6950	485399
05/04/05	6955	7010	6885	692504
06/04/05	6981	7176	6855	729743
07/04/05	6856	7050	6850	423000
08/04/05	6925	7020	6860	498564
11/04/05	6930	7107	6900	1189380
12/04/05	6731	7000	6628	850053
13/04/05	6605	6850	6550	1400567
14/04/05	6650	6650	6360	929274
15/04/05	6710	6789	6505	539201
18/04/05	6600	6600	6250	592618
19/04/05	6755	6775	6550	451613
20/04/05	6822	6920	6801	1066252
21/04/05	6645	6800	6580	660621
22/04/05	6600	6700	6600	512775
25/04/05	6230	6570	6225	897242
26/04/05	6170	6300	6150	1031382
28/04/05	5935	6200	5935	993851
29/04/05	6100	6100	5940	996340
03/05/05	5988	6180	5988	398652
04/05/05	5900	6050	5850	672430
05/05/05	5795	6000	5775	989912
06/05/05	5815	5840	5751	1787705
09/05/05	6100	6149	5900	1085236
10/05/05	6185	6340	6162	1604995
11/05/05	6090	6150	6050	759983
12/05/05	6170	6300	6101	810983
13/05/05	6150	6250	6125	1148741
16/05/05	6139	6200	6053	395693
17/05/05	6301	6400	6150	872072
18/05/05	6691	6691	6350	855647
19/05/05	6381	6687	6381	788953
20/05/05	6389	6450	6251	345894
23/05/05	6630	6775	6390	1661667
24/05/05	6715	6729	6500	853731
25/05/05	6909	7035	6760	1282613
26/05/05	7070	7140	6720	812153
27/05/05	7285	7299	7000	727722
30/05/05	7698	7698	7285	867744
31/05/05	7401	7690	7320	1630734
01/06/05	7750	7750	7360	1232856
02/06/05	7790	7950	7650	1907780
03/06/05	7275	7400	7211	8585306
06/06/05	7220	7350	7150	29132102
07/06/05	6800	7200	6750	882407
08/06/05	6860	7000	6735	970334
09/06/05	6851	7065	6850	1325517
10/06/05	6985	7000	6750	533104
13/06/05	7400	7445	7075	1656752
14/06/05	7366	7500	7325	1919440
15/06/05	7250	7400	7200	1280178
17/06/05	7390	7520	7285	2384306
20/06/05	7279	7530	7279	1027334
21/06/05	7197	7279	7152	1014070
22/06/05	7101	7290	7101	788426
23/06/05	7304	7410	7100	1089091
24/06/05	7447	7550	7304	4587305
27/06/05	7260	7419	7150	1039033
28/06/05	7120	7271	7110	915840
29/06/05	7460	7460	7100	2017978
30/06/05	7620	7800	7500	2341447
01/07/05	7700	7775	7600	1237185
04/07/05	7870	7895	7715	355414
05/07/05	7870	7920	7800	558185
06/07/05	7750	7770	7650	638588
07/07/05	7880	8100	7700	2372805
08/07/05	7899	7920	7800	1339502
11/07/05	7900	8000	7800	1181421
12/07/05	7675	7865	7675	1034273
13/07/05	7805	7820	7610	1301039
14/07/05	7625	7800	7625	826371
15/07/05	7299	7500	7299	860317
18/07/05	7350	7380	7300	663591
19/07/05	7338	7400	7300	300524
20/07/05	7370	7400	7200	888267
21/07/05	7210	7300	7100	1058901
22/07/05	7290	7400	7201	659906
25/07/05	7310	7390	7229	337778
26/07/05	7107	7250	7107	876265
27/07/05	7099	7200	7099	320564
28/07/05	7210	7250	7100	602910
29/07/05	7199	7210	7025	1042959
01/08/05	7000	7160	6950	242460
02/08/05	7000	7020	6802	892322
03/08/05	7031	7050	6820	1246715
04/08/05	7302	7450	7100	1857135
05/08/05	7260	7350	7240	735446
08/08/05	7067	7275	6900	800981
10/08/05	6901	7067	6861	1362945
11/08/05	7075	7149	6961	916328
12/08/05	7371	7450	7255	2465108
15/08/05	7637	7725	7400	2240830
16/08/05	7621	7700	7500	1429459
17/08/05	7496	7700	7400	1013161
18/08/05	7300	7325	7210	893405
19/08/05	7290	7320	7240	540580
22/08/05	7320	7325	7150	595741
23/08/05	7251	7339	7201	1512859
24/08/05	7269	7560	7175	1039805
25/08/05	7060	7134	7060	1613715
26/08/05	7130	7200	7085	1229398
29/08/05	7189	7200	6955	873894
30/08/05	7130	7300	7117	1383484
31/08/05	7370	7384	7150	1437584
01/09/05	7371	7371	7200	639998
02/09/05	7300	7490	7275	1165843
05/09/05	7200	7400	7100	301169
06/09/05	7345	7350	7150	560091
07/09/05	7350	7450	7151	456082
08/09/05	7325	7389	7160	1248960
09/09/05	7549	7549	7301	552182
12/09/05	7600	7700	7560	1696045
13/09/05	7460	7640	7460	613839
14/09/05	7704	7750	7350	2268481
15/09/05	8205	8299	7810	2728788
16/09/05	8700	8800	8101	8100059
19/09/05	8997	9200	8801	8057980
20/09/05	8881	9200	8800	4182258
21/09/05	9050	9150	8600	2624998
22/09/05	8674	9295	8674	1906218
23/09/05	8490	8700	8302	1170705
26/09/05	8685	8685	8250	957588
27/09/05	8935	9120	8770	1284677
28/09/05	8845	9000	8795	1158167
29/09/05	9372	9470	9020	1854745
30/09/05	9532	9591	9401	2558046
03/10/05	9261	9380	9110	1004259
04/10/05	9385	9500	9262	1404632
05/10/05	9110	9399	9025	871398
06/10/05	9419	9499	8952	855802
07/10/05	9550	9574	9200	1016409
10/10/05	9600	9800	9499	1227854
11/10/05	9450	9695	9350	841121
12/10/05	9560	9787	9390	1689566
13/10/05	8901	9525	8901	1553655
14/10/05	8800	8999	8750	1992467
17/10/05	9234	9290	8800	1557238
18/10/05	9400	9500	9235	1283734
19/10/05	8960	9250	8700	2035954
20/10/05	8820	9126	8780	1207370
21/10/05	8660	8899	8600	980540
24/10/05	9093	9101	8675	772798
25/10/05	9255	9279	8950	1420751
26/10/05	9235	9400	9035	1346572
27/10/05	8800	9250	8800	568261
28/10/05	8860	8949	8705	490711
31/10/05	9030	9150	8700	719009
01/11/05	8798	9199	8725	930474
02/11/05	8840	8988	8725	523970
03/11/05	8995	9100	8800	708899
04/11/05	8900	9000	8800	463934
07/11/05	9156	9230	8800	1239567
08/11/05	8900	9155	8900	751861
09/11/05	9150	9150	8900	461367
10/11/05	9790	9790	9500	1615297
11/11/05	9585	9750	9450	1160243
14/11/05	9897	9940	9802	2408902
15/11/05	9600	9975	9600	2120572
16/11/05	9571	9575	9300	29535068
17/11/05	10000	10079	9749	4080844
18/11/05	10190	10397	10150	2167360
21/11/05	10445	10485	10300	1592283
22/11/05	10550	10600	10251	2025401
23/11/05	10106	10540	10026	1812617
24/11/05	10339	10400	9900	877286
25/11/05	10318	10465	10200	763348
28/11/05	10310	10499	10280	737402
29/11/05	10101	10400	10010	615360
30/11/05	9925	10100	9801	1135499
01/12/05	9930	10070	9660	1544360
02/12/05	10094	10390	10094	2047060
05/12/05	9810	10025	9650	941597
06/12/05	9644	9794	9575	1039160
07/12/05	10201	10276	9800	2300530
08/12/05	10475	10550	10310	3029652
09/12/05	10890	10900	10611	1794614
12/12/05	11189	11400	10901	3119880
13/12/05	10520	10800	10520	3292512
14/12/05	10710	10710	10301	2547130
15/12/05	10680	10795	10310	2691364
19/12/05	11099	11194	10365	1647706
20/12/05	10809	10980	10725	1131678
21/12/05	10465	10600	10311	875149
22/12/05	10769	10850	10650	575231
23/12/05	10805	11150	10802	284789
27/12/05	11000	11102	10850	265610
28/12/05	10921	11094	10510	623967
29/12/05	11115	11115	10800	676726
30/12/05	11180	11275	11100	445465
03/01/06	11780	11780	11200	989396
04/01/06	11925	12101	11609	809808
05/01/06	11250	11800	11250	670859
06/01/06	11735	11775	11402	848201
09/01/06	11800	12130	11775	914570
10/01/06	11644	11899	11500	1237252
11/01/06	11700	11890	11650	564506
12/01/06	11336	11750	11320	1568785
13/01/06	11690	11700	11270	2335398
16/01/06	12030	12130	11900	1609538
17/01/06	12149	12300	11701	2645733
18/01/06	12117	12239	11751	2183740
19/01/06	12440	12500	12120	2743514
20/01/06	12620	12780	12380	1877961
23/01/06	12455	12775	12230	2774574
24/01/06	12490	12699	12400	1659961
25/01/06	12974	13100	12500	1396675
26/01/06	13215	13450	12801	2231128
27/01/06	13650	13650	13250	2652484
30/01/06	13500	13850	13400	1280836
31/01/06	14200	14239	13631	1993377
01/02/06	14610	14850	14175	2751787
02/02/06	14680	15190	14550	1954071
03/02/06	14100	14500	14020	1928739
06/02/06	14210	14250	13701	2105752
07/02/06	14200	14950	14000	2208731
08/02/06	13645	13899	13300	2457700
09/02/06	14190	14250	13710	2828663
10/02/06	14050	14280	13610	3368134
13/02/06	13601	13950	13550	1864329
14/02/06	13250	13450	12980	3349617
15/02/06	13150	13400	12850	1466544
16/02/06	12702	13000	12702	1671320
17/02/06	13549	13549	12850	1832898
20/02/06	13750	14248	13621	1820711
21/02/06	13910	13950	13510	1697077
22/02/06	13861	14299	13861	1675854
23/02/06	14040	14250	13960	1273218
24/02/06	13850	14145	13710	645225
27/02/06	14149	14300	13925	496761
28/02/06	13500	14140	13500	947194
02/03/06	13050	14280	13005	4104411
03/03/06	12750	13450	12649	7447528
06/03/06	12621	12925	12390	6394117
07/03/06	11950	12350	11825	5620757
08/03/06	11725	12185	11201	7241311
09/03/06	12000	12000	11500	5391715
10/03/06	11675	12150	11550	2298888
13/03/06	11940	12150	11750	1499333
14/03/06	12280	12300	11940	1792625
15/03/06	12500	12640	12311	4263722
16/03/06	12350	12675	12230	3462259
17/03/06	12400	12499	12205	1706964
20/03/06	12650	12700	12450	2603503
22/03/06	12550	12590	12300	5496509
23/03/06	12340	12560	12300	1794788
24/03/06	12590	12650	12350	2424240
27/03/06	12950	13200	12850	2913788
28/03/06	12900	13165	12856	1671688
29/03/06	12899	12900	12610	1445977
30/03/06	13549	13550	13100	3414286
31/03/06	13439	13750	13225	2082690
03/04/06	13775	13790	13439	2506146
04/04/06	13650	13773	13530	1451245
05/04/06	13720	13825	13380	2050465
06/04/06	13945	14100	13700	3108579
07/04/06	13798	14150	13663	2040936
10/04/06	13600	14249	13553	2242317
11/04/06	13955	14175	13650	3169779
12/04/06	13735	13920	13302	1585188
13/04/06	14120	14120	13810	1212285
18/04/06	14771	14990	14453	2442199
19/04/06	15001	15100	14856	3122249
20/04/06	14825	15650	14825	4109001
21/04/06	14999	15079	14401	2851450
24/04/06	15000	15499	13500	1822958
25/04/06	15135	15230	14875	1917311
26/04/06	15361	15475	15100	1969798
28/04/06	15126	15380	14805	1615357
02/05/06	15321	15350	14862	2203341
03/05/06	15140	15751	15040	2703307
04/05/06	15099	15201	14700	3787371
05/05/06	14610	15299	14350	1756768
08/05/06	13970	14940	13700	2976024
09/05/06	14375	14450	13952	3306428
10/05/06	15100	15190	14860	5458829
11/05/06	15900	15925	15250	5725796
12/05/06	15994	16399	15829	4395356
15/05/06	14606	15800	14503	3951189
16/05/06	14500	14649	14100	3368668
17/05/06	14910	15050	14511	4758638
18/05/06	14700	14797	13700	3728204
19/05/06	13790	14850	13790	4688149
22/05/06	13051	13500	12600	2282752
23/05/06	13735	13800	13210	3112377
24/05/06	13305	13770	12600	1725085
25/05/06	13440	13450	12800	1259900
26/05/06	13780	14000	13440	1500207
29/05/06	13900	14100	13670	914621
30/05/06	14314	14484	13833	1931464
31/05/06	14750	14750	13800	2609074
01/06/06	13940	14500	13597	2640096
02/06/06	13925	14100	13731	4040032
05/06/06	14051	14190	13897	2512542
06/06/06	13070	13880	13060	3637690
07/06/06	12717	13290	12510	2821872
08/06/06	11800	12600	11800	3559173
09/06/06	12491	12550	12000	2399541
12/06/06	12250	12600	12100	941813
13/06/06	11081	11789	10800	3972243
14/06/06	11599	11700	10500	3350225
15/06/06	11975	12060	11605	3494392
19/06/06	12311	12573	12100	1391427
20/06/06	12510	12540	12240	1545386
21/06/06	13680	13777	12550	2044944
22/06/06	14700	14849	14000	2639527
23/06/06	14760	15100	14410	2827560
26/06/06	15250	15500	14850	2785083
27/06/06	15160	15498	14801	2887974
28/06/06	14900	15200	14821	1885896
29/06/06	15490	15490	14801	1897124
30/06/06	16200	16350	15700	3430703
03/07/06	16700	16800	16300	1296228
04/07/06	17160	17290	16351	1284718
05/07/06	16560	17440	16400	2292009
06/07/06	16800	16950	16690	1647275
07/07/06	17000	17099	16721	1599283
10/07/06	16746	16939	16511	1781009
11/07/06	16815	16989	16606	1100912
12/07/06	17380	17380	16818	1854899
13/07/06	16276	17300	16276	1992944
14/07/06	16561	16829	16405	996972
17/07/06	16950	17190	16800	4347780
18/07/06	16660	17049	16600	2375528
19/07/06	16700	16700	16000	2140997
20/07/06	15900	16700	15596	1729149
21/07/06	14999	15800	14900	1905529
24/07/06	14200	14699	14033	1702380
25/07/06	14300	14755	14201	1845625
26/07/06	14450	14700	14260	1063381
27/07/06	14584	14741	14450	3564317
28/07/06	14200	14540	14050	1619576
31/07/06	14311	14700	14311	1228990
01/08/06	14405	14669	14310	1962589
02/08/06	15305	15380	14799	2312246
03/08/06	15233	15600	15051	1391444
04/08/06	14811	15230	14600	2716265
07/08/06	14500	14800	14350	877181
08/08/06	14410	14539	14305	653115
10/08/06	14495	14600	14000	2120641
11/08/06	14425	14625	14315	788868
14/08/06	13632	14100	13551	2799396
15/08/06	13600	13800	13600	2017204
16/08/06	13785	13850	13650	2257128
17/08/06	13505	13899	13430	2037389
18/08/06	13125	13400	13050	3277519
21/08/06	14051	14078	13311	2010581
22/08/06	14700	14700	14250	2843420
23/08/06	14700	14928	14020	2402975
24/08/06	14750	14870	14524	1733274
25/08/06	14605	14700	14340	718209
28/08/06	14250	14699	14225	964062
29/08/06	13780	14275	13780	1009076
30/08/06	14146	14320	13901	1274823
31/08/06	14000	14300	13650	2689916
01/09/06	14575	14599	14200	1426841
04/09/06	14680	14850	14600	968922
05/09/06	15240	15350	14688	1386231
06/09/06	15926	15926	15411	1405882
07/09/06	15020	15900	15010	1347461
08/09/06	14500	15050	14375	1855265
11/09/06	13490	14199	13490	3092649
12/09/06	13100	13800	12900	4110147
13/09/06	12901	13102	12400	3518511
14/09/06	13075	13450	12970	2493831
15/09/06	12779	13075	12600	1751740
18/09/06	12611	13200	12611	1070610
19/09/06	13120	13250	13025	2208443
20/09/06	13280	13280	12650	1174405
21/09/06	13121	13550	13050	2077829
22/09/06	13710	13873	13431	1783673
26/09/06	13940	14150	13752	1735028
27/09/06	14098	14279	13951	1590220
28/09/06	14015	14350	14001	1089421
29/09/06	13749	14250	13730	1871064
02/10/06	14325	14542	13804	2635925
03/10/06	13702	14195	13551	2216461
04/10/06	13772	13900	13500	1794195
05/10/06	13900	13975	13500	3324850
06/10/06	13829	14050	13621	2126166
09/10/06	13896	14087	13805	1940648
10/10/06	13636	14100	13530	1529118
11/10/06	13340	13635	13106	2994428
12/10/06	12906	13300	12872	1419813
13/10/06	12940	13100	12870	4154025
16/10/06	12919	13199	12919	2456993
17/10/06	12880	13166	12850	2310058
18/10/06	12980	13080	12870	3436755
19/10/06	12765	12979	12720	3054742
20/10/06	12801	13049	12766	3687934
23/10/06	12880	12900	12738	1135688
24/10/06	13052	13052	12780	2031034
25/10/06	13353	13353	13059	2489528
26/10/06	12961	13481	12961	2605972
27/10/06	12465	13047	12310	4560358
30/10/06	12720	12720	12370	2379757
31/10/06	12200	12625	12170	2344412
01/11/06	12540	12600	12350	2066357
02/11/06	12610	12720	12430	2531451
03/11/06	12899	13121	12652	3155814
06/11/06	13185	13185	12920	1852742
07/11/06	13173	13475	13000	1382448
08/11/06	13088	13250	12850	2091363
09/11/06	12790	12990	12655	2459433
10/11/06	13020	13270	12900	4192986
13/11/06	12746	13050	12425	1605947
14/11/06	12936	12989	12700	1805054
15/11/06	12513	12860	12513	1844234
16/11/06	12260	12690	12250	2792179
17/11/06	11940	12380	11900	2496292
20/11/06	12349	12350	12050	3124322
21/11/06	12450	12460	12250	2307386
22/11/06	12502	12600	12301	1407293
23/11/06	12075	12500	12000	1877161
24/11/06	12610	12629	12050	3784266
27/11/06	12550	12701	12451	1713516
28/11/06	12925	12925	12455	1678561
29/11/06	12850	13014	12756	1340485
30/11/06	13285	13400	12910	2645769
01/12/06	13502	13600	13400	2480429
04/12/06	13801	13801	13450	2744364
05/12/06	13600	13780	13340	3559964
06/12/06	13145	13450	13099	2140054
07/12/06	12888	13051	12752	2496774
08/12/06	12850	12990	12706	1607761
11/12/06	12600	12900	12452	1616459
12/12/06	12449	12795	12202	1245286
13/12/06	12470	12650	12252	657119
14/12/06	12598	12598	12370	2024918
15/12/06	12400	12950	12400	2897518
18/12/06	12801	12900	12500	2387091
19/12/06	12810	12810	12551	1161751
20/12/06	13055	13199	12900	1074274
21/12/06	13169	13190	12810	2230552
22/12/06	12866	13170	12800	493889
27/12/06	13150	13249	13020	408825
28/12/06	13350	13440	13248	450428
29/12/06	13275	13330	13200	172356
02/01/07	13499	13550	13330	673747
03/01/07	13150	13500	13150	902330
04/01/07	12570	12999	12375	1831717
05/01/07	12310	12545	12235	2098125
08/01/07	12501	12575	12335	1466537
09/01/07	12475	12795	12324	1305932
10/01/07	12300	12500	12201	1653323
11/01/07	12405	12450	12096	1330409
12/01/07	12310	12590	12190	1864178
15/01/07	12380	12580	12350	1232351
16/01/07	12199	12500	12034	2385864
17/01/07	12155	12200	11800	2727524
18/01/07	12205	12470	12101	1747346
19/01/07	11900	12148	11900	1919542
22/01/07	11950	12199	11800	1753141
23/01/07	12375	12410	11851	1493699
24/01/07	12600	12665	12438	1527396
25/01/07	12626	12730	12020	4405411
26/01/07	12106	12450	12009	2559834
29/01/07	11850	12250	11550	4651397
30/01/07	11700	11845	11566	5791174
31/01/07	12121	12154	11649	14472385
01/02/07	12199	12320	12005	5717768
02/02/07	12000	12180	11937	7335623
05/02/07	12016	12098	11805	5312794
06/02/07	12241	12275	12024	5761413
07/02/07	12199	12310	12130	3419322
08/02/07	11950	12140	11801	6964909
09/02/07	12450	12452	12125	5452121
12/02/07	12625	12625	12350	4722997
13/02/07	12413	12575	12350	3693649
14/02/07	12550	12630	12330	2894382
15/02/07	12575	12714	12500	4232269
16/02/07	12560	12690	12425	2938933
19/02/07	12500	12800	12447	1187698
20/02/07	12255	12650	12187	2224630
21/02/07	12300	12369	12100	2975085
22/02/07	12875	12949	12610	4247500
23/02/07	13250	13325	12710	4296437
26/02/07	13250	13448	13200	2538193
27/02/07	12785	13100	12550	5206368
28/02/07	12496	12729	12250	5128625
01/03/07	12406	12679	12300	7319475
02/03/07	12420	12571	12250	4418750
05/03/07	12306	12340	12000	3781114
06/03/07	12500	12580	12360	4883321
07/03/07	12475	12545	12370	2223426
08/03/07	12580	12680	12463	2194608
09/03/07	12550	12640	12500	1945886
12/03/07	12625	12750	12400	1461691
13/03/07	12685	12750	12525	1651010
14/03/07	12500	12550	12277	2369921
15/03/07	12675	12749	12503	2676349
16/03/07	12780	12847	12500	1570004
19/03/07	12950	13041	12626	1924525
20/03/07	13100	13150	12994	3485658
22/03/07	13055	13351	13054	8344762
23/03/07	13020	13100	12932	1090275
26/03/07	12950	13200	12806	1284787
27/03/07	13100	13200	12951	1093912
28/03/07	13430	13430	13100	3539203
29/03/07	13333	13650	13245	2436886
30/03/07	13450	13710	13350	2322716
02/04/07	13670	13789	13300	2308726
03/04/07	13750	13920	13717	3116655
04/04/07	13700	13900	13330	2512333
05/04/07	13700	13800	13626	3259618
10/04/07	13720	13800	13420	1989141
11/04/07	14200	15250	13648	12340312
12/04/07	14000	14200	13950	4780275
13/04/07	14200	14400	13980	5585725
16/04/07	14174	14448	14081	3353280
17/04/07	14000	14500	13960	2154939
18/04/07	13630	14090	13600	2719244
19/04/07	13330	13655	13300	2525418
20/04/07	13400	13600	13250	1948205
23/04/07	13305	13599	13300	1690581
24/04/07	13035	13499	13030	2045789
25/04/07	13060	13189	12904	3001563
26/04/07	12924	13300	12800	2384204
30/04/07	12801	13000	12775	5623407
02/05/07	12800	12900	12650	1983218
03/05/07	12600	12740	12542	2972507
04/05/07	12650	12700	12411	2900823
07/05/07	12515	12852	12500	1966960
08/05/07	12250	12590	12231	2358121
09/05/07	12220	12400	12190	1895648
10/05/07	12175	12321	12125	2334258
11/05/07	12100	12125	11960	3199891
14/05/07	11682	12350	11682	2440178
15/05/07	12000	12000	11701	3566126
16/05/07	11950	12100	11851	2927927
17/05/07	11925	11999	11830	3033267
18/05/07	12145	12215	11802	2751982
21/05/07	12200	12250	12001	1720778
22/05/07	12200	12390	12176	1873704
23/05/07	12400	12423	12200	2043332
24/05/07	12525	12750	12350	2527811
25/05/07	12300	12450	12223	2294219
28/05/07	12050	12400	12050	1030570
29/05/07	12100	12200	12000	3060111
30/05/07	12090	12160	11920	2754431
31/05/07	12052	12225	11883	3654654
01/06/07	12227	12350	12100	3395911
04/06/07	12200	12499	12150	2086911
05/06/07	12150	12313	12030	3566200
06/06/07	11895	12200	11852	2414458
07/06/07	11775	12090	11611	4162287
08/06/07	11425	11625	11250	3032753
11/06/07	11685	11695	11500	1693765
12/06/07	11352	11700	11332	1790743
13/06/07	11510	11515	11250	1863286
14/06/07	11580	11650	11354	3204253
15/06/07	11721	11800	11501	2106713
18/06/07	11575	11950	11505	2292463
19/06/07	11450	11600	11330	3398152
20/06/07	11700	11700	11520	6270469
21/06/07	11750	11883	11612	3050135
22/06/07	11700	11900	11672	1745777
25/06/07	11699	11750	11600	821410
26/06/07	11472	11670	11300	3222049
27/06/07	11150	11380	11073	4379467
28/06/07	11000	11250	10820	4379661
29/06/07	10940	11089	10751	2616854
02/07/07	11050	11151	10940	2011920
03/07/07	11000	11200	10945	2565517
04/07/07	10720	11085	10702	1880551
05/07/07	10900	10900	10730	3717973
06/07/07	11090	11149	10793	2670104
09/07/07	11425	11425	11102	2841503
10/07/07	11460	11725	11300	3597021
11/07/07	11360	11500	11351	3555482
12/07/07	11725	11725	11320	3690907
13/07/07	12000	12050	11750	2865871
16/07/07	12155	12289	11852	2713514
17/07/07	12100	12200	12000	1389243
18/07/07	12275	12300	12001	1897039
19/07/07	12389	12474	12296	2841762
20/07/07	12500	12638	12425	2698792
23/07/07	12241	12451	12206	1658387
24/07/07	12150	12300	11907	2024559
25/07/07	11875	12090	11751	2320088
26/07/07	11810	12085	11700	1748438
27/07/07	11572	11780	11400	2231654
30/07/07	11680	11969	11300	2547276
31/07/07	11739	11900	11650	1838623
01/08/07	11209	11550	11150	3585778
02/08/07	11250	11479	11105	3191976
03/08/07	11145	11370	11100	2975947
06/08/07	10600	11145	10600	4251057
07/08/07	10465	10705	10103	3333340
08/08/07	11005	11005	10500	4105523
10/08/07	10914	10914	10202	2830485
13/08/07	10730	10940	10685	1882871
14/08/07	10625	10846	10625	2825438
15/08/07	10890	10890	10480	2816918
16/08/07	10575	10735	10151	2192569
17/08/07	10434	10700	10000	2974714
20/08/07	10400	10752	10255	1343727
21/08/07	10345	10550	10001	2314517
22/08/07	10560	10560	10200	1093778
23/08/07	10625	11000	10576	1297158
24/08/07	10655	10828	10301	22819522
27/08/07	10580	10950	10323	1176135
28/08/07	10750	10770	10400	2654926
29/08/07	10675	10775	10525	1291638
30/08/07	10678	10900	10487	1324080
31/08/07	10950	11000	10725	2073208
03/09/07	11100	11297	10755	1085074
04/09/07	11190	11200	11000	1328395
05/09/07	11240	11349	11006	1095780
06/09/07	11400	11480	11150	1966019
07/09/07	11860	11980	11650	5113516
10/09/07	11811	12120	11750	3537853
11/09/07	12025	12083	11860	4253332
12/09/07	12145	12440	12100	4090509
13/09/07	12060	12249	11960	1882823
14/09/07	12038	12154	11554	2661335
17/09/07	11950	12135	11851	2668356
18/09/07	11940	12160	11765	2177279
19/09/07	12399	12500	12250	2842309
20/09/07	12875	12940	12325	7056703
21/09/07	12700	12915	12500	6762591
25/09/07	12200	12719	12199	2241570
26/09/07	12400	12700	12251	3791920
27/09/07	12490	12660	12424	3093171
28/09/07	12415	12650	12250	3508513
01/10/07	12126	12430	12043	2695771
02/10/07	12070	12400	12020	4378998
03/10/07	12025	12275	11912	3463928
04/10/07	12060	12060	11875	1576472
05/10/07	12298	12350	12151	1690735
08/10/07	12130	12420	12010	1200248
09/10/07	12376	12376	12115	1610491
10/10/07	12595	12666	12376	2003863
11/10/07	12700	12721	12450	2417603
12/10/07	12640	12799	12510	1894973
15/10/07	12779	12949	12460	2065791
16/10/07	12650	13058	12607	1809649
17/10/07	12400	12890	12355	2013799
18/10/07	12090	12373	12010	2080037
19/10/07	12201	12436	12160	2593559
22/10/07	11710	12200	11710	1222294
23/10/07	11980	12201	11901	2285675
24/10/07	11760	12146	11670	1293724
25/10/07	11850	11950	11615	5122416
26/10/07	11640	11890	11526	2437820
29/10/07	11800	11998	11660	2672070
30/10/07	11655	11785	11601	770666
31/10/07	11688	11840	11600	2121871
01/11/07	11301	11900	11225	3286690
02/11/07	11250	11479	11202	2545168
05/11/07	11385	11589	11214	3216406
06/11/07	11500	11650	11400	5738938
07/11/07	11902	11902	11685	12393487
08/11/07	12500	12550	11650	4034800
09/11/07	12550	12630	12305	4207227
12/11/07	12290	12509	12132	1889319
13/11/07	12101	12260	12000	1085335
14/11/07	12300	12450	12060	950148
15/11/07	11899	12539	11720	1872062
16/11/07	11740	11945	11570	1775802
19/11/07	11659	11800	11490	925473
20/11/07	11600	11694	11328	2697071
21/11/07	11550	11699	11450	2327986
22/11/07	11500	11620	11450	1582689
23/11/07	11700	11700	11500	1930225
26/11/07	11905	12088	11711	1474345
27/11/07	12000	12339	11850	1909060
28/11/07	11550	12000	11352	3212788
29/11/07	11600	11950	11452	2099971
30/11/07	11509	11950	11509	3255302
03/12/07	11215	11460	11205	1562590
04/12/07	11448	11450	11250	1124537
05/12/07	11422	11550	11351	1236015
06/12/07	10967	11490	10850	3680779
07/12/07	10639	11080	10600	3070388
10/12/07	10470	10600	10300	2085318
11/12/07	10742	10780	10500	2276870
12/12/07	10600	10711	10458	1112960
13/12/07	10390	10680	10390	1237044
14/12/07	10031	10420	10003	1844118
18/12/07	9890	10057	9602	2443225
19/12/07	9800	9990	9505	3638736
20/12/07	9358	9900	9202	3795612
21/12/07	9881	9950	9463	2075483
24/12/07	10190	10250	9800	199619
27/12/07	10111	10318	10000	1252426
28/12/07	9867	10350	9860	748865
31/12/07	9900	10248	9900	524204
02/01/08	10150	10150	9800	1953735
03/01/08	10880	10920	10400	2432514
04/01/08	11206	11600	10925	2713881
07/01/08	11080	11350	10805	1362973
08/01/08	11550	11633	10905	4112124
09/01/08	11725	12140	11500	4748558
10/01/08	11820	11840	11301	2331450
11/01/08	11975	12254	11855	3152733
14/01/08	12100	12249	11805	2604210
15/01/08	11800	12000	11532	1897814
16/01/08	11425	11735	11150	2348729
17/01/08	11900	12100	11450	2206507
18/01/08	11550	11875	11291	3921822
21/01/08	10601	11470	10514	2074879
22/01/08	11132	11447	10000	2178249
23/01/08	11000	11549	10417	2720097
24/01/08	11788	11788	10702	2578401
25/01/08	10788	11400	10350	8487906
28/01/08	10380	10787	10372	3060353
29/01/08	10700	10870	10458	7557471
30/01/08	11075	11400	10550	2649248
31/01/08	11219	11550	10500	3916098
01/02/08	10900	11301	10700	4006723
04/02/08	10050	10590	10030	3575457
05/02/08	10200	10415	9810	5461240
06/02/08	10695	10787	10126	3185439
07/02/08	10600	10950	10600	2958669
08/02/08	10605	10675	10401	4863457
11/02/08	10520	10793	10404	3600352
12/02/08	10500	10625	10100	3021893
13/02/08	10285	10500	10220	2542446
14/02/08	10290	10590	10228	1686774
15/02/08	10201	10449	10110	2065644
18/02/08	10400	10500	10230	1144560
19/02/08	10465	10745	10330	2603959
20/02/08	11000	11181	10600	3867102
21/02/08	11900	12195	11200	5408748
22/02/08	11556	11938	11556	3625345
25/02/08	10875	11400	10875	2474884
26/02/08	10625	10800	10402	3196121
27/02/08	10650	10799	10455	4121770
28/02/08	10768	10900	10402	2843299
29/02/08	10950	11060	10700	2205029
03/03/08	11625	11900	11001	2765048
04/03/08	11800	12098	11446	2847971
05/03/08	11785	11849	11301	1656093
06/03/08	12250	12379	11705	3722881
07/03/08	12763	13100	12421	5413318
10/03/08	12250	12998	12075	1626994
11/03/08	12200	12430	11979	2804496
12/03/08	12225	12395	11900	3214402
13/03/08	13087	13087	12250	3857933
14/03/08	13165	13250	12900	9416199
17/03/08	13500	13740	12850	6115953
18/03/08	12900	13397	12851	3393736
19/03/08	12415	12901	12163	5344146
20/03/08	11925	12035	11420	5284768
25/03/08	11598	11829	11598	3630264
26/03/08	11705	11900	11610	4366566
27/03/08	11780	12100	11617	3090058
28/03/08	11840	11840	11375	1733899
31/03/08	11500	11980	11150	4166133
01/04/08	10699	11300	10645	4751669
02/04/08	10763	10949	10510	2351930
03/04/08	10675	10900	10532	3802378
04/04/08	10654	10750	10522	1870427
07/04/08	10670	10815	10502	3474207
08/04/08	10675	10880	10550	4120101
09/04/08	11015	11120	10585	4637468
10/04/08	11260	11574	11150	3801040
11/04/08	11400	11627	11283	3102009
14/04/08	11485	11635	11100	1341255
15/04/08	11425	11785	11405	1652638
16/04/08	11850	11890	11350	2231090
17/04/08	11680	12099	11636	1436069
18/04/08	11520	11800	11364	2830367
21/04/08	11294	11468	11111	3755398
22/04/08	11070	11220	10900	2125161
23/04/08	10755	11184	10610	2051644
24/04/08	10580	10800	10580	3264880
25/04/08	10500	10700	10311	3181456
29/04/08	10100	10700	10100	2274747
30/04/08	10000	10200	9912	3164258
05/05/08	9970	10077	9733	2874335
06/05/08	10300	10341	9920	2315998
07/05/08	10210	10474	10152	2416238
08/05/08	10467	10467	10155	2720238
09/05/08	10545	10748	10467	2229198
12/05/08	10426	10740	10251	1384663
13/05/08	10431	10589	10252	2168091
14/05/08	10421	10490	10276	2733676
15/05/08	10500	10500	10150	2958482
16/05/08	10452	10545	10300	3330070
19/05/08	10680	10830	10501	1515565
20/05/08	10700	10776	10561	2374174
21/05/08	10785	10850	10615	4009311
22/05/08	10851	10970	10800	2293657
23/05/08	10870	10949	10800	1743424
26/05/08	10620	10850	10580	1254665
27/05/08	10393	10740	10200	3348057
28/05/08	10170	10379	10050	1884880
29/05/08	9926	10284	9870	2448233
30/05/08	9775	9901	9570	2627532
02/06/08	9855	9998	9805	3173989
03/06/08	9800	10099	9700	2154960
04/06/08	9470	9798	9470	1065918
05/06/08	9612	9665	9412	2286658
06/06/08	9850	9850	9515	2917572
09/06/08	9920	10082	9751	2117534
10/06/08	9490	9850	9490	3160949
11/06/08	9249	9788	9200	4226371
12/06/08	9140	9393	8900	3134441
13/06/08	8860	9148	8400	3022118
17/06/08	8860	9050	8785	2613412
18/06/08	8701	8984	8634	2571949
