2005-01-03	46.66	46.95	46.18
2005-01-04	46.41	46.73	45.74
2005-01-05	45.64	45.94	45.25
2005-01-06	45.42	45.63	44.99
2005-01-07	45.3	45.36	44.72
2005-01-10	44.78	45.34	44.77
2005-01-11	45.15	45.43	44.96
2005-01-12	45.18	45.34	44.74
2005-01-13	45.1	45.15	44.4
2005-01-14	44.85	45.01	44.6
2005-01-18	45.04	45.98	44.71
2005-01-19	45.25	45.38	44.92
2005-01-20	44.93	45.57	44.91
2005-01-21	45.26	45.5	45.02
2005-01-24	45.15	45.64	45.14
2005-01-25	45.23	45.9	45.23
2005-01-26	45.73	45.92	45.53
2005-01-27	45.56	45.78	45.35
2005-01-28	45.43	45.76	45.41
2005-01-31	45.95	46.43	45.9
2005-02-01	46.36	46.8	46.33
2005-02-02	46.45	46.75	46.4
2005-02-03	46.45	46.6	46.24
2005-02-04	46.3	46.9	46.3
2005-02-07	46.68	46.85	46.51
2005-02-08	46.55	46.93	46.55
2005-02-09	46.86	46.98	46.43
2005-02-10	46.65	47	46.6
2005-02-11	46.93	47.07	46.63
2005-02-14	46.89	47.09	46.8
2005-02-15	46.8	47.07	46.76
2005-02-16	46.77	46.9	46.5
2005-02-17	46.75	47	46.34
2005-02-18	46.35	46.36	45.65
2005-02-22	45.55	45.73	45.16
2005-02-23	45.55	45.98	45.38
2005-02-24	45.65	46.4	45.62
2005-02-25	46.1	46.99	45.9
2005-02-28	46.55	46.9	46.33
2005-03-01	46.65	47.2	46.64
2005-03-02	46.4	46.82	46.37
2005-03-03	46.53	46.74	45.86
2005-03-04	46.6	46.9	46.5
2005-03-07	46.7	46.89	46.45
2005-03-08	46.25	46.46	45.95
2005-03-09	46.15	46.2	45.53
2005-03-10	45.8	46.22	45.56
2005-03-11	45.89	46.1	45.55
2005-03-14	45.73	45.85	45.27
2005-03-15	45.7	46.2	45.52
2005-03-16	45.2	45.26	44.65
2005-03-17	44.9	45.16	44.7
2005-03-18	44.88	45.14	44.45
2005-03-21	44.64	44.73	43.93
2005-03-22	44.42	44.53	43.4
2005-03-23	43.51	44.22	43.42
2005-03-24	44.25	44.53	43.75
2005-03-28	44.03	44.74	43.97
2005-03-29	44.3	44.48	43.8
2005-03-30	43.8	44.2	43.63
2005-03-31	44.1	44.5	43.86
2005-04-01	44.42	44.68	43.72
2005-04-04	43.9	44.23	43.51
2005-04-05	44.35	44.61	44.15
2005-04-06	44.56	44.91	44.4
2005-04-07	44.85	45.13	44.75
2005-04-08	45.1	45.18	44.63
2005-04-11	44.95	45.17	44.81
2005-04-12	44.9	45.8	44.65
2005-04-13	45.39	45.72	44.86
2005-04-14	45.02	45.1	44.65
2005-04-15	44.47	44.98	44.01
2005-04-18	44.64	44.95	44.39
2005-04-19	44.8	45.1	44.74
2005-04-20	44.93	44.94	44.1
2005-04-21	44.4	44.6	43.47
2005-04-22	44.27	44.7	43.85
2005-04-25	44.72	44.91	44.25
2005-04-26	44.65	45.01	44.55
2005-04-27	44.29	44.99	44.2
2005-04-28	44.66	45.02	44.53
2005-04-29	44.86	45.06	44.36
2005-05-02	44.83	45.39	44.81
2005-05-03	45.3	45.73	45.11
2005-05-04	45.6	45.98	45.19
2005-05-05	45.82	46.15	45.39
2005-05-06	45.94	45.95	45.36
2005-05-09	45.41	45.74	45.35
2005-05-10	45.33	45.71	45.18
2005-05-11	45.39	45.74	45.14
2005-05-12	45.5	45.88	45.27
2005-05-13	45.5	45.54	44.73
2005-05-16	45.13	45.91	45.13
2005-05-17	45.56	46.2	45.44
2005-05-18	46.23	46.75	46.2
2005-05-19	46.35	46.74	46.17
2005-05-20	46.5	46.64	46.25
2005-05-23	46.5	46.75	46.47
2005-05-24	46.5	46.74	46.3
2005-05-25	46.36	46.6	46.3
2005-05-26	46.73	46.8	46.5
2005-05-27	46.55	46.7	46.38
2005-05-31	46.56	46.65	46.32
2005-06-01	45.97	46.7	45.9
2005-06-02	46.23	46.23	45.98
2005-06-03	45.82	46.01	45.71
2005-06-06	45.74	45.95	45.56
2005-06-07	45.97	46.26	45.82
2005-06-08	46	46.2	45.82
2005-06-09	45.83	46.21	45.68
2005-06-10	46.09	46.17	45.76
2005-06-13	45.79	46.19	45.63
2005-06-14	45.84	46.06	45.77
2005-06-15	46.15	46.63	45.93
2005-06-16	46.58	46.7	46.36
2005-06-17	46.88	46.88	46.39
2005-06-20	46.42	46.88	46.3
2005-06-21	46.71	47.26	46.71
2005-06-22	47.06	47.44	47.04
2005-06-23	47	47.18	46.48
2005-06-24	46.55	47.1	46.37
2005-06-27	46.75	46.9	46.35
2005-06-28	46.65	46.9	46.46
2005-06-29	46.75	47.08	46.73
2005-06-30	46.5	46.5	45.58
2005-07-01	45.61	45.89	44.56
2005-07-05	45.1	45.18	44.61
2005-07-06	45.15	45.2	44.7
2005-07-07	44.65	44.8	44.3
2005-07-08	44.75	45.22	44.57
2005-07-11	45.28	45.48	45
2005-07-12	45.17	45.57	45.07
2005-07-13	45.74	45.8	45.41
2005-07-14	45.8	45.95	45.71
2005-07-15	45.82	46.05	45.78
2005-07-18	45.29	45.59	45.08
2005-07-19	45.28	45.37	44.59
2005-07-20	44.83	44.98	44.58
2005-07-21	44.9	44.96	44.6
2005-07-22	44.73	44.85	44.51
2005-07-25	44.92	45.07	44.66
2005-07-26	44.57	44.74	44.42
2005-07-27	44.37	44.49	43.95
2005-07-28	44.12	44.27	43.94
2005-07-29	44	44.2	43.6
2005-08-01	43.77	43.85	43.58
2005-08-02	43.81	44.05	43.71
2005-08-03	43.9	44.02	43.65
2005-08-04	43.78	43.8	43.51
2005-08-05	43.62	43.68	43.14
2005-08-08	43.34	43.45	42.92
2005-08-09	42.94	43.17	42.74
2005-08-10	43.15	43.39	42.49
2005-08-11	42.85	42.87	42.45
2005-08-12	42.9	42.95	42.59
2005-08-15	42.82	43.4	42.69
2005-08-16	43.35	44.15	43.35
2005-08-17	43.79	44.02	43.6
2005-08-18	43.73	43.99	43.53
2005-08-19	43.98	43.98	43.61
2005-08-22	43.79	43.96	43.5
2005-08-23	43.75	43.85	43.12
2005-08-24	43.4	43.52	42.9
2005-08-25	43.13	43.21	42.92
2005-08-26	43	43.06	42.62
2005-08-29	42.76	43.5	42.52
2005-08-30	43.38	43.38	42.93
2005-08-31	42.66	43.03	42.52
2005-09-01	43.04	43.64	42.68
2005-09-02	43.25	43.34	42.86
2005-09-06	43.07	43.41	42.95
2005-09-07	43.35	43.41	43.15
2005-09-08	43.26	43.35	42.99
2005-09-09	43.06	43.15	42.91
2005-09-12	42.9	43.05	42.69
2005-09-13	42.53	42.78	42.53
2005-09-14	42.68	42.84	42.5
2005-09-15	42.73	42.88	42.6
2005-09-16	42.98	43.69	42.86
2005-09-19	43.68	43.68	43.13
2005-09-20	43.38	43.6	42.81
2005-09-21	42.75	42.86	42.13
2005-09-22	42.21	42.26	41.81
2005-09-23	42.21	42.5	41.88
2005-09-26	42.6	42.72	41.89
2005-09-27	42.06	42.12	41.75
2005-09-28	42.09	42.1	41.35
2005-09-29	41.55	42.11	41.13
2005-09-30	42.15	42.62	42.01
2005-10-03	42.47	42.58	41.96
2005-10-04	42.14	42.53	41.9
2005-10-05	41.95	42.77	41.86
2005-10-06	42	42.66	41.98
2005-10-07	42.56	42.58	42.19
2005-10-10	42.4	42.45	42.05
2005-10-11	42.15	42.35	41.83
2005-10-12	41.9	42.35	41.74
2005-10-13	41.89	42.11	41.38
2005-10-14	42.15	42.26	41.9
2005-10-17	42.1	42.22	41.93
2005-10-18	42.1	42.13	41.57
2005-10-19	41.85	42.46	41.64
2005-10-20	42.54	42.99	42.05
2005-10-21	42.35	42.5	42.1
2005-10-24	42.51	43.38	42.49
2005-10-25	43.4	43.4	42.86
2005-10-26	43.08	43.58	43
2005-10-27	43.21	43.5	43.11
2005-10-28	43.43	43.98	43.23
2005-10-31	44	44.09	43.67
2005-11-01	43.75	43.86	43.27
2005-11-02	43.78	44.14	43.65
2005-11-03	44.25	44.33	43.7
2005-11-04	44.15	44.38	44.05
2005-11-07	44.4	44.48	44.17
2005-11-08	44.39	44.5	44.25
2005-11-09	44.47	44.8	44.4
2005-11-10	44.62	45.42	44.57
2005-11-11	45.25	45.6	45.12
2005-11-14	45.31	45.73	45.21
2005-11-15	45.58	45.66	45.09
2005-11-16	45.4	45.48	44.9
2005-11-17	45	45.39	44.89
2005-11-18	45.97	45.97	45.25
2005-11-21	45.6	45.93	45.51
2005-11-22	45.89	46.15	45.62
2005-11-23	46.01	47	45.95
2005-11-25	46.85	47.05	46.76
2005-11-28	47.01	47.15	46.52
2005-11-29	46.7	46.96	46.68
2005-11-30	46.49	46.5	45.84
2005-12-01	46	46.26	45.8
2005-12-02	45.88	46.18	45.76
2005-12-05	45.93	46.54	45.79
2005-12-06	46.46	46.73	46.13
2005-12-07	46.25	46.34	45.42
2005-12-08	45.84	46.03	45.56
2005-12-09	45.78	46.21	45.61
2005-12-12	45.98	46.07	45.62
2005-12-13	45.62	46.7	45.61
2005-12-14	46.62	46.99	46.5
2005-12-15	46.7	46.81	46.38
2005-12-16	46.95	47.25	46.84
2005-12-19	46.68	46.78	46.32
2005-12-20	46.73	46.85	46.59
2005-12-21	46.87	47	46.41
2005-12-22	46.78	46.99	46.55
2005-12-23	47	47.05	46.86
2005-12-27	46.58	47.25	46.56
2005-12-28	46.76	46.82	46.27
2005-12-29	46.35	46.58	46.16
2005-12-30	46.02	46.36	45.91
2006-01-03	46.92	47.18	46.15
2006-01-04	47	47.24	46.45
2006-01-05	46.58	46.83	46.32
2006-01-06	46.8	46.91	46.35
2006-01-09	46.72	46.97	46.36
2006-01-10	46.4	46.51	45.88
2006-01-11	46.06	46.25	45.75
2006-01-12	46.22	46.23	45.71
2006-01-13	45.83	46	45.68
2006-01-17	45.4	45.58	45
2006-01-18	45.32	45.65	44.92
2006-01-19	45.88	45.88	44.85
2006-01-20	45	45.15	44.17
2006-01-23	43.5	44.39	43.49
2006-01-24	44.08	44.68	44.04
2006-01-25	44.15	44.65	44.15
2006-01-26	45	45.16	44.67
2006-01-27	44.9	45.11	44.61
2006-01-30	44.75	45.35	44.25
2006-01-31	44.65	44.73	44.12
2006-02-01	44.1	44.24	43.86
2006-02-02	43.95	43.97	43.37
2006-02-03	43.3	43.55	42.92
2006-02-06	43.4	43.65	43.24
2006-02-07	43.6	43.87	43.46
2006-02-08	43.55	43.72	43.34
2006-02-09	43.75	44.05	43.7
2006-02-10	43.77	44.02	43.41
2006-02-13	43.7	43.96	43.3
2006-02-14	43.92	44.49	43.73
2006-02-15	44.07	44.6	43.93
2006-02-16	44.39	44.73	44.28
2006-02-17	44.78	45.32	44.52
2006-02-21	44.71	44.83	44.51
2006-02-22	44.45	45.17	44.42
2006-02-23	45.19	45.7	45
2006-02-24	44.94	45.89	44.94
2006-02-27	45.84	46	45.7
2006-02-28	45.77	46.05	45.75
2006-03-01	45.35	45.67	45.31
2006-03-02	45.25	45.36	44.9
2006-03-03	45.08	45.49	44.98
2006-03-06	45.1	45.3	44.91
2006-03-07	45.09	45.69	45.05
2006-03-08	45.42	45.89	45.42
2006-03-09	45.7	45.81	45.49
2006-03-10	45.5	46	45.45
2006-03-13	45.96	46.2	45.79
2006-03-14	46	46.4	45.94
2006-03-15	46.05	46.53	45.87
2006-03-16	46.48	46.9	46.48
2006-03-17	46.97	46.98	46.64
2006-03-20	46.71	47	46.56
2006-03-21	46.75	46.98	46.52
2006-03-22	46.4	47.14	46.4
2006-03-23	46.87	46.98	46.61
2006-03-24	46.78	47	46.66
2006-03-27	46.79	46.93	46.67
2006-03-28	46.62	47.01	45.95
2006-03-29	46.17	46.3	45.72
2006-03-30	45.8	46.09	45.48
2006-03-31	45.73	45.92	45.45
2006-04-03	45.85	46.22	45.66
2006-04-04	45.77	46.4	45.7
2006-04-05	46.21	46.57	46.21
2006-04-06	46.33	46.53	46.05
2006-04-07	46.41	46.47	45.66
2006-04-10	45.9	46.08	45.64
2006-04-11	45.75	46	45.45
2006-04-12	45.62	45.92	45.57
2006-04-13	45.73	45.93	45.6
2006-04-17	45.95	45.95	45.26
2006-04-18	45.45	46.3	45.37
2006-04-19	45.87	46.24	45.79
2006-04-20	46.6	46.85	46.11
2006-04-21	46.35	46.95	46.35
2006-04-24	46.85	47.14	46.71
2006-04-25	47.02	47.17	46.83
2006-04-26	47.1	47.78	47.05
2006-04-27	47.59	49.18	47.51
2006-04-28	48.93	49.98	48.9
2006-05-01	49.84	50	49.1
2006-05-02	49.26	49.66	49.26
2006-05-03	49.27	49.6	49.22
2006-05-04	49.55	49.95	49.53
2006-05-05	50	50.5	49.95
2006-05-08	50.2	50.32	50
2006-05-09	50.11	50.35	50.04
2006-05-10	50.03	50.44	49.74
2006-05-11	50.3	50.3	49.44
2006-05-12	49.69	49.85	49.13
2006-05-15	49	49.77	48.6
2006-05-16	49.62	49.8	49.39
2006-05-17	49.3	49.31	48.3
2006-05-18	48.65	49.04	48.09
2006-05-19	48.35	48.58	48
2006-05-22	48.27	48.73	48.11
2006-05-23	48.75	48.89	48.18
2006-05-24	48.2	48.71	48.01
2006-05-25	48.75	49.07	48.42
2006-05-26	49.15	49.61	48.86
2006-05-30	49.18	49.23	48.65
2006-05-31	48.35	48.57	47.9
2006-06-01	48.4	48.74	48.34
2006-06-02	49.22	49.43	48.92
2006-06-05	49.2	49.48	48.66
2006-06-06	48.8	49.08	48.03
2006-06-07	48.5	49.24	48.32
2006-06-08	48.66	49.2	48.52
2006-06-09	48.85	49.2	48.63
2006-06-12	48.8	49.01	48.35
2006-06-13	48.15	48.65	46.75
2006-06-14	46.98	47.26	45.86
2006-06-15	46.86	48.07	46.8
2006-06-16	47.7	47.89	47.39
2006-06-19	47.93	47.93	47.05
2006-06-20	47.01	47.46	47
2006-06-21	47.03	47.57	47.03
2006-06-22	47.31	47.7	47.13
2006-06-23	47.4	47.73	47.12
2006-06-26	47.35	47.53	47.16
2006-06-27	47.46	47.7	47.29
2006-06-28	47.4	47.82	47.4
2006-06-29	47.71	48.7	47.57
2006-06-30	48.8	48.81	48.01
2006-07-03	48.19	49.03	48.18
2006-07-05	48.5	49.1	48.32
2006-07-06	48.87	49.31	48.79
2006-07-07	48.9	49.22	48.65
2006-07-10	49.12	49.27	49.04
2006-07-11	48.97	49.24	48.66
2006-07-12	49.18	49.21	48.5
2006-07-13	48.57	48.77	47.9
2006-07-14	48	48.5	47.59
2006-07-17	48.11	48.46	47.87
2006-07-18	48.16	48.58	47.79
2006-07-19	48.98	49.98	48.85
2006-07-20	49.83	50.07	49.6
2006-07-21	49.85	50.26	49.77
2006-07-24	50.15	50.7	50.14
2006-07-25	50.58	51.09	50.55
2006-07-26	50.63	51.2	50.59
2006-07-27	51.29	51.45	50.98
2006-07-28	51.16	51.9	51.16
2006-07-31	51.64	51.65	51.2
2006-08-01	51.34	51.58	51.08
2006-08-02	51.66	51.97	51.52
2006-08-03	51.87	52.34	51.76
2006-08-04	52.5	52.75	52.13
2006-08-07	52.2	52.36	52.1
2006-08-08	52.35	52.68	51.95
2006-08-09	52.25	52.57	51.35
2006-08-10	51.31	51.65	51.07
2006-08-11	51.33	51.51	50.7
2006-08-14	51.6	51.88	51.02
2006-08-15	51.8	52.2	51.63
2006-08-16	52.48	52.48	51.9
2006-08-17	52.07	52.4	51.93
2006-08-18	52.23	52.5	52.06
2006-08-21	52.36	52.66	52.36
2006-08-22	52.47	52.71	52.33
2006-08-23	52.49	52.65	52.31
2006-08-24	52.49	52.71	52.38
2006-08-25	52.19	52.28	51.86
2006-08-28	52.12	52.36	52.06
2006-08-29	52.27	52.39	51.99
2006-08-30	51.86	52.05	51.63
2006-08-31	51.82	51.9	51.47
2006-09-01	51.83	51.84	51.3
2006-09-05	51.62	51.89	51.49
2006-09-06	51.5	51.91	51.42
2006-09-07	51.64	51.87	51.43
2006-09-08	51.4	51.81	51.2
2006-09-11	51.1	51.3	50.8
2006-09-12	51.29	51.85	51.29
2006-09-13	51.7	51.95	51.48
2006-09-14	51.6	51.98	51.56
2006-09-15	52	52	51.44
2006-09-18	51.39	51.93	51.26
2006-09-19	51.88	52.09	51.51
2006-09-20	52.18	52.65	52.14
2006-09-21	52.63	52.69	52.11
2006-09-22	52.29	52.72	52.18
2006-09-25	52.72	53.18	52.53
2006-09-26	52.97	53.5	52.74
2006-09-27	53.3	53.71	53.13
2006-09-28	53.33	53.84	53.02
2006-09-29	53.58	54	53.43
2006-10-02	53.53	53.68	53.3
2006-10-03	53.63	54.57	53.57
2006-10-04	54.29	54.85	54.15
2006-10-05	54.56	54.87	54.27
2006-10-06	54.35	54.47	54.11
2006-10-09	54.08	54.54	54.05
2006-10-10	54.55	54.65	54.28
2006-10-11	54.22	54.22	53.65
2006-10-12	54.35	54.57	54.15
2006-10-13	54.2	54.49	53.88
2006-10-16	54.3	54.35	53.71
2006-10-17	53.32	53.82	52.92
2006-10-18	53.92	53.94	53.34
2006-10-19	53.72	53.72	52.83
2006-10-20	53.33	53.68	52.75
2006-10-23	53.28	53.97	53.23
2006-10-24	53.46	53.6	53.12
2006-10-25	53.54	54.09	53.54
2006-10-26	53.99	54.18	53.69
2006-10-27	54.03	54.05	53.61
2006-10-30	53.6	54.07	53.59
2006-10-31	54.13	54.29	53.83
2006-11-01	54.15	54.15	53.5
2006-11-02	53.36	53.69	53.22
2006-11-03	53.55	53.69	53.4
2006-11-06	53.68	54.25	53.67
2006-11-07	54.22	54.62	54.16
2006-11-08	54.4	54.75	54.2
2006-11-09	54.52	54.72	54.38
2006-11-10	54.51	54.77	54.25
2006-11-13	54.57	54.93	54.46
2006-11-14	54.55	54.98	54.07
2006-11-15	54.77	54.8	54.33
2006-11-16	54.73	54.99	54.59
2006-11-17	54.85	55.05	54.82
2006-11-20	54.85	55.08	54.72
2006-11-21	55.04	55.05	54.51
2006-11-22	54.68	54.92	54.42
2006-11-24	54.37	54.76	54.27
2006-11-27	54.56	54.69	53.73
2006-11-28	53.92	54.49	53.78
2006-11-29	54.06	54.14	53.71
2006-11-30	54.02	54.15	53.66
2006-12-01	53.83	54	53.01
2006-12-04	52.5	53.02	52.2
2006-12-05	52.66	52.83	52.3
2006-12-06	52.75	53.03	52.6
2006-12-07	52.62	52.85	52.4
2006-12-08	52.3	52.38	51.32
2006-12-11	51.86	52.77	51.83
2006-12-12	52.45	52.95	52.35
2006-12-13	53.2	53.39	52.95
2006-12-14	53.1	53.48	52.72
2006-12-15	53.22	53.47	52.86
2006-12-18	53.47	53.77	53.36
2006-12-19	53.42	53.89	53.4
2006-12-20	53.7	53.79	53.42
2006-12-21	53.89	54.01	53.43
2006-12-22	53.64	53.66	53.04
2006-12-26	53.4	54.01	53.38
2006-12-27	53.88	54.05	53.5
2006-12-28	53.8	53.96	53.51
2006-12-29	53.65	53.78	53.25
2007-01-03	53.4	54.18	52.99
2007-01-04	53.33	53.89	53.05
2007-01-05	53.59	53.59	53.03
2007-01-08	53.46	53.64	52.8
2007-01-09	53.6	53.71	52.97
2007-01-10	53.26	53.7	53.16
2007-01-11	53.5	53.65	53.18
2007-01-12	53.24	53.6	53.24
2007-01-16	53.46	53.53	53.31
2007-01-17	53.5	53.71	53.15
2007-01-18	53.45	53.55	53.21
2007-01-19	53.46	53.64	53.25
2007-01-22	53.64	54.05	53.54
2007-01-23	53.25	53.52	52.9
2007-01-24	53.47	53.48	52.56
2007-01-25	53.2	53.22	52.34
2007-01-26	52.52	52.8	51.72
2007-01-29	51.99	52.25	51.35
2007-01-30	51.52	52.13	51.36
2007-01-31	52	52.8	51.85
2007-02-01	52.76	52.97	52.65
2007-02-02	52.83	53.16	52.73
2007-02-05	52.74	53.12	52.37
2007-02-06	52.77	53.33	52.75
2007-02-07	53.35	53.49	53.25
2007-02-08	53.35	53.39	53
2007-02-09	53.32	53.5	52.66
2007-02-12	53.2	53.31	52.98
2007-02-13	53.09	53.79	53.09
2007-02-14	53.76	54.17	53.57
2007-02-15	54.08	54.21	53.7
2007-02-16	53.64	54.07	53.6
2007-02-20	53.87	54.17	53.71
2007-02-21	53.75	53.97	53.71
2007-02-22	53.85	54.1	53.49
2007-02-23	53.28	53.74	52.78
2007-02-26	53.09	53.15	52.6
2007-02-27	52.2	52.61	49
2007-02-28	50.87	51.5	50.36
2007-03-01	50.25	50.9	49.8
2007-03-02	50.1	50.34	49.82
2007-03-05	49.6	50.28	49.56
2007-03-06	50.1	51.09	50.1
2007-03-07	51.03	51.1	50.41
2007-03-08	50.88	51.33	50.59
2007-03-09	51.15	51.21	50.67
2007-03-12	50.95	51.18	50.7
2007-03-13	51.08	51.08	49.26
2007-03-14	49.52	49.92	48.36
2007-03-15	49.63	50.82	49.54
2007-03-16	50.27	50.47	49.5
2007-03-19	49.8	50.39	49.35
2007-03-20	50.37	50.83	50.31
2007-03-21	50.78	52	50.58
2007-03-22	51.98	52.15	51.41
2007-03-23	51.7	52	51.41
2007-03-26	51.7	51.71	50.92
2007-03-27	51.56	52	51.35
2007-03-28	51.44	51.48	50.5
2007-03-29	51.02	51.25	50.68
2007-03-30	51.17	51.41	50.28
2007-04-02	51.2	51.25	50.12
2007-04-03	50.6	50.89	50.46
2007-04-04	50.94	51.03	50.59
2007-04-05	50.73	50.92	50.38
2007-04-09	50.9	50.96	50.52
2007-04-10	50.94	51.18	50.81
2007-04-11	51.07	51.07	50.31
2007-04-12	50.52	50.52	50.06
2007-04-13	50.44	50.58	50.15
2007-04-16	50.8	51.68	50.75
2007-04-17	51.3	51.5	51.09
2007-04-18	51.43	52.2	51.25
2007-04-19	51.34	51.39	50.73
2007-04-20	51.3	51.3	50.33
2007-04-23	51.04	51.29	50.32
2007-04-24	50.65	50.9	50.25
2007-04-25	50.84	51.24	50.5
2007-04-26	51	51.17	50.65
2007-04-27	50.72	50.85	50.4
2007-04-30	50.93	51.22	50.77
2007-05-01	51	51.25	50.67
2007-05-02	51.02	51.19	50.92
2007-05-03	51.22	51.58	51.1
2007-05-04	51.5	51.56	51.09
2007-05-07	51.48	51.56	51.28
2007-05-08	51.28	51.49	51.09
2007-05-09	51.32	51.63	51.19
2007-05-10	51.45	51.47	50.54
2007-05-11	50.82	51.09	50.62
2007-05-14	51.03	51.15	50.56
2007-05-15	50.99	51.39	50.92
2007-05-16	51.34	51.42	50.86
2007-05-17	51.15	51.25	50.87
2007-05-18	51.32	51.37	51.11
2007-05-21	51.3	51.35	51.07
2007-05-22	51.21	51.62	51.17
2007-05-23	51.7	51.9	51.33
2007-05-24	51.7	51.74	50.96
2007-05-25	51.2	51.25	50.79
2007-05-29	51.23	51.5	51.16
2007-05-30	50.65	51.19	50.49
2007-05-31	50.96	51.04	50.47
2007-06-01	50.75	50.99	50.48
2007-06-04	50.78	50.92	50.62
2007-06-05	50.78	50.8	50.55
2007-06-06	50.5	50.65	50.26
2007-06-07	50.3	50.5	49.74
2007-06-08	49.92	50.28	49.56
2007-06-11	50.1	50.29	49.81
2007-06-12	49.85	50.1	49.65
2007-06-13	50	50.38	49.75
2007-06-14	50.36	50.45	50
2007-06-15	50.17	50.38	49.99
2007-06-18	50.01	50.14	49.83
2007-06-19	50.17	50.83	50.15
2007-06-20	50.7	50.8	49.94
2007-06-21	50.02	50.13	49.71
2007-06-22	49.84	49.89	48.95
2007-06-25	49.18	49.48	48.66
2007-06-26	49.15	49.4	48.8
2007-06-27	48.79	49.2	48.55
2007-06-28	49.23	49.46	48.76
2007-06-29	49.23	49.35	48.59
2007-07-02	49.15	49.35	48.98
2007-07-03	49.49	49.7	49.24
2007-07-05	49.04	49.65	49.03
2007-07-06	49.31	49.37	48.85
2007-07-09	49	49.17	48.78
2007-07-10	48.6	48.73	48.27
2007-07-11	48.37	49.06	48.12
2007-07-12	48.6	49.55	48.51
2007-07-13	49.55	49.82	49.35
2007-07-16	49.34	49.98	49.34
2007-07-17	49.73	50.2	49.7
2007-07-18	49.36	49.78	48.54
2007-07-19	49.57	49.85	48.9
2007-07-20	49.26	49.27	48.1
2007-07-23	48.46	48.6	48.02
2007-07-24	47.93	48.14	47
2007-07-25	47.45	48.24	46.9
2007-07-26	47.34	47.72	46.9
2007-07-27	47.54	48.21	47.35
2007-07-30	47.9	48.14	47.45
2007-07-31	48.01	48.41	47.39
2007-08-01	47.3	47.86	46.89
2007-08-02	47.77	48.05	47.56
2007-08-03	47.65	48.1	46.97
2007-08-06	47.29	48.28	46.52
2007-08-07	48.04	49.34	47.6
2007-08-08	48.67	49.97	48.56
2007-08-09	48.3	49.2	47.92
2007-08-10	47.75	49.4	47.75
2007-08-13	49.29	49.3	48.4
2007-08-14	48.6	48.7	47.8
2007-08-15	47.9	49.27	47.66
2007-08-16	48.06	50.33	47.77
2007-08-17	51.82	52.78	50.52
2007-08-20	51.86	52.17	50.47
2007-08-21	51	51.96	50.7
2007-08-22	51.78	51.87	50.93
2007-08-23	52.03	52.08	51.24
2007-08-24	51.88	51.99	51.37
2007-08-27	51.77	51.77	50.76
2007-08-28	50.76	50.76	49.65
2007-08-29	50.01	50.6	49.6
2007-08-30	50.14	50.59	50
2007-08-31	51.32	51.34	50.53
2007-09-04	50.62	51.25	50.51
2007-09-05	50.26	50.26	49.6
2007-09-06	50.05	50.07	49.49
2007-09-07	49.17	49.72	48.75
2007-09-10	49.21	49.5	48.6
2007-09-11	49.23	49.79	49.05
2007-09-12	49.37	49.49	49.12
2007-09-13	49.56	50.24	49.56
2007-09-14	49.66	50.1	49.6
2007-09-17	49.84	50.26	49.37
2007-09-18	49.7	51.3	49.42
2007-09-19	51.45	51.93	50.68
2007-09-20	51.09	51.4	50.52
2007-09-21	51.28	51.46	50.65
2007-09-24	51.24	51.25	50.5
2007-09-25	50.1	50.58	49.92
2007-09-26	50.31	50.69	49.94
2007-09-27	50.51	50.65	50.1
2007-09-28	50.66	50.66	50.11
2007-10-01	50.04	50.67	49.76
2007-10-02	51	51.87	50.95
2007-10-03	51.45	52.03	51.38
2007-10-04	52.04	52.49	52
2007-10-05	52.55	52.94	52.51
2007-10-08	52.65	52.65	52.25
2007-10-09	52.64	52.65	52.07
2007-10-10	52.2	52.48	51.98
2007-10-11	52.5	52.96	52.12
2007-10-12	52.48	52.57	51.99
2007-10-15	52	52.07	50.98
2007-10-16	51	51.15	49.97
2007-10-17	50.72	50.77	49.47
2007-10-18	48.44	48.98	47.76
2007-10-19	48.63	48.8	47.54
2007-10-22	47.45	48.15	47
2007-10-23	48.3	48.3	47.24
2007-10-24	47.65	47.77	46.45
2007-10-25	47.3	47.84	46.45
2007-10-26	47.95	48.45	46.81
2007-10-29	48.32	48.44	47.67
2007-10-30	47.93	48.18	47.47
2007-10-31	48.3	48.58	47.33
2007-11-01	46.75	47	45.48
2007-11-02	46.02	46.13	44.22
2007-11-05	43.9	45.1	43.27
2007-11-06	44.49	45.66	44.49
2007-11-07	45	45.1	43.25
2007-11-08	43.35	44.41	42.02
2007-11-09	43.35	45.09	42.59
2007-11-12	43.55	45.38	43.55
2007-11-13	44.5	46.38	44.18
2007-11-14	46.84	46.99	45.32
2007-11-15	45.64	45.8	43.8
2007-11-16	44.29	44.5	43.48
2007-11-19	44.08	44.08	42.78
2007-11-20	42.8	43.64	41.73
2007-11-21	42.39	43.33	41.92
2007-11-23	42.57	43.34	42.41
2007-11-26	43.24	43.26	41.82
2007-11-27	42.46	43.32	42.01
2007-11-28	43.7	45	43
2007-11-29	44.8	44.88	44.02
2007-11-30	46.14	46.7	45.6
2007-12-03	46.25	46.37	45.31
2007-12-04	45	45.02	44.47
2007-12-05	44.51	45.28	44.35
2007-12-06	45.19	45.98	44.92
2007-12-07	46	46.41	45.33
2007-12-10	45.5	46.78	45.41
2007-12-11	46.52	47	44.5
2007-12-12	44.94	45.64	42.51
2007-12-13	42.87	43.14	42.01
2007-12-14	42.42	43.25	42.11
2007-12-17	42.01	42.2	41.26
2007-12-18	42.14	42.2	40.78
2007-12-19	41.68	42.6	41.48
2007-12-20	41.85	42	40.83
2007-12-21	41.81	42.07	41.07
2007-12-24	41.73	42.67	41.73
2007-12-26	42.08	42.32	41.75
2007-12-27	42	42.03	41.32
2007-12-28	41.7	41.89	40.84
2007-12-31	40.91	41.6	40.61
2008-01-02	41.53	41.55	40.35
2008-01-03	40.63	40.81	40.25
2008-01-04	40	40.29	39.76
2008-01-07	40.05	40.24	39.26
2008-01-08	40.18	40.21	38.28
2008-01-09	38.38	38.79	37.42
2008-01-10	38.4	39.81	37.9
2008-01-11	39.41	39.78	38.15
2008-01-14	38.76	39.3	38.41
2008-01-15	38.8	38.8	37.81
2008-01-16	37.68	39.41	37.68
2008-01-17	39.17	39.17	36.78
2008-01-18	37.25	37.48	35.13
2008-01-22	33.12	38.98	33.12
2008-01-23	36.83	41	36.6
2008-01-24	40.5	40.79	38.85
2008-01-25	40.12	40.55	39.18
2008-01-28	39.43	41.28	39.16
2008-01-29	41.66	42.12	41
2008-01-30	41.84	43.69	41.23
2008-01-31	41.78	44.5	41.37
2008-02-01	44.12	45.08	44.07
2008-02-04	44.75	44.84	43.9
2008-02-05	43.02	43.39	42.3
2008-02-06	42.71	43.33	42.21
2008-02-07	42.17	43.81	41.88
2008-02-08	43.22	43.34	41.55
2008-02-11	42.79	42.79	41.67
2008-02-12	42.41	43.33	42.17
2008-02-13	43.06	43.49	42.51
2008-02-14	43.4	43.6	42.13
2008-02-15	42	42.7	41.68
2008-02-19	43.18	43.3	42.35
2008-02-20	42.2	43.21	41.89
2008-02-21	43.03	43.5	42
2008-02-22	42.3	42.65	41.03
2008-02-25	42.27	43.03	41.72
2008-02-26	42.71	43.22	42.33
2008-02-27	42.35	43.25	42.19
2008-02-28	42.59	42.74	41.35
2008-02-29	41.02	41.07	39.54
2008-03-03	39.74	39.96	38.57
2008-03-04	38.76	39.09	37.78
2008-03-05	38.65	38.73	37.21
2008-03-06	36.95	37.23	36.28
2008-03-07	36.04	37.57	35.9
2008-03-10	37.13	37.2	35.15
2008-03-11	36.9	37.75	35.58
2008-03-12	37.34	38.9	36.98
2008-03-13	36.36	37.55	35.45
2008-03-14	37.48	37.61	35.2
2008-03-17	34.36	36.4	34.25
2008-03-18	37.07	38.93	36.5
2008-03-19	39.28	40.46	38.39
2008-03-20	38.85	41.99	38.61
2008-03-24	41.75	43.46	41.45
2008-03-25	41.65	42.25	40.7
2008-03-26	40.23	40.45	39
2008-03-27	40.01	40.38	38.61
2008-03-28	38.78	39.15	37.98
2008-03-31	38.15	40	37.78
2008-04-01	39.26	40.88	39.19
2008-04-02	40.89	41.5	40.02
2008-04-03	39.69	40.67	39.24
2008-04-04	40.22	40.28	39.31
2008-04-07	39.85	40.4	39.36
2008-04-08	39.18	39.3	38.25
2008-04-09	38.63	38.8	37.86
2008-04-10	37.94	38.3	37.36
2008-04-11	37.17	37.88	36.8
2008-04-14	36.4	36.54	35.44
2008-04-15	36.11	36.46	35.27
2008-04-16	36.4	36.98	36.13
2008-04-17	36.71	37.74	36.25
2008-04-18	38.47	39.62	38.12
2008-04-21	37.79	38.25	37.36
2008-04-22	37.62	37.72	36.7
2008-04-23	37.2	37.33	36.5
2008-04-24	37.01	38.19	36.89
2008-04-25	38.27	38.68	37.54
2008-04-28	38.38	38.57	37.86
2008-04-29	38.07	38.43	37.69
2008-04-30	38.01	38.44	37.42
2008-05-01	37.66	39.49	37.56
2008-05-02	40.1	40.65	39.39
2008-05-05	39.4	39.53	38.8
2008-05-06	38.66	39.44	38.11
2008-05-07	39.28	39.42	37.85
2008-05-08	38.21	38.31	37.22
2008-05-09	37.21	37.47	36.53
2008-05-12	36.82	37.58	36.76
2008-05-13	37.46	37.6	36.5
2008-05-14	36.74	37	36.5
2008-05-15	36.88	36.89	36.11
2008-05-16	36.78	36.82	36.04
2008-05-19	36.22	36.72	35.65
2008-05-20	35.84	35.95	35.27
2008-05-21	35.4	35.55	34.5
2008-05-22	34.75	35.33	34.49
2008-05-23	34.58	34.62	33.9
2008-05-27	34.02	34.35	33.71
2008-05-28	34.44	34.48	33.25
2008-05-29	33.78	34.77	33.67
2008-05-30	34.8	34.87	33.98
2008-06-02	33.84	33.94	33.2
2008-06-03	33.8	33.93	32.9
2008-06-04	32.31	32.6	31.81
2008-06-05	32.14	32.38	31.56
2008-06-06	31.65	31.69	30.39
2008-06-09	30.78	30.85	29.34
2008-06-10	29.35	30.53	29.32
2008-06-11	30.05	30.18	28.83
2008-06-12	29.05	30.04	29
2008-06-13	29.78	29.9	29.04
2008-06-16	29.67	30.76	29.45
2008-06-17	30.72	30.89	29.17
2008-06-18	28.85	28.95	28
2008-06-19	28.46	28.47	26.98
2008-06-20	27.31	28.1	26.95
2008-06-23	27.18	27.26	25.83
2008-06-24	25.97	26.84	25.55
2008-06-25	26.89	27.94	26.35
2008-06-26	25.88	25.88	24.73
2008-06-27	25	25.44	24.25
2008-06-30	24.74	25.04	22.44
2008-07-01	23.31	24.23	22.67
2008-07-02	24.05	24.29	22.54
2008-07-03	22.75	22.88	21.72
2008-07-07	22.61	22.95	21.1
2008-07-08	21.56	23.67	21.12
2008-07-09	23.59	24	21.87
2008-07-10	21.62	23.2	21.28
2008-07-11	21.31	22.47	20.84
2008-07-14	22.8	22.94	20.05
2008-07-15	19.55	20.27	18.44
2008-07-16	19.45	22.92	19.04
2008-07-17	23.95	26.5	23.8
2008-07-18	27.46	27.99	25.6
2008-07-21	30.31	30.9	28.2
2008-07-22	27.85	33.44	27.2
2008-07-23	32.05	34.26	31.75
2008-07-24	33.67	34	30.48
2008-07-25	30.6	31.09	29.01
2008-07-28	29.34	30.59	27.94
2008-07-29	28.16	32.22	27.8
2008-07-30	33.38	34.5	31.99
2008-07-31	32.73	33.84	32.12
2008-08-01	33.2	33.5	31.93
2008-08-04	32.6	33.6	31.7
2008-08-05	33.28	34.2	33.05
2008-08-06	33.02	33.98	32.22
2008-08-07	32.76	33.54	31.15
2008-08-08	30.97	32.75	30.77
2008-08-11	32.18	33.98	32.02
2008-08-12	32.96	33	30.84
2008-08-13	30.48	30.65	28.5
2008-08-14	28.94	30.49	28.63
2008-08-15	30.5	31.5	30.26
2008-08-18	30.71	30.81	29.3
2008-08-19	28.96	29	27.75
2008-08-20	28.3	29.4	27.72
2008-08-21	28.65	29.35	27.98
2008-08-22	29.98	30.43	29.28
2008-08-25	29.94	30.05	28.85
2008-08-26	29.05	29.49	28.45
2008-08-27	29.17	29.84	28.79
2008-08-28	30.19	31.43	29.8
2008-08-29	30.99	31.48	30.72
2008-09-02	32.73	33.14	32.06
2008-09-03	32.21	32.99	31.55
2008-09-04	32.58	32.8	30.5
2008-09-05	30.08	32.29	29.82
2008-09-08	35.26	35.7	33.45
2008-09-09	34.3	35.1	32.3
2008-09-10	32.97	33.36	31.2
2008-09-11	30.96	33.23	30.37
2008-09-12	32.28	34.4	32.1
2008-09-15	28.23	30.11	26.55
2008-09-16	25.03	29.75	25
2008-09-17	28.62	29.4	26.52
2008-09-18	28.12	32.1	26.86
2008-09-19	38.54	39.5	34.41
2008-09-22	35.97	35.99	34
2008-09-23	34.4	35.45	32
2008-09-24	33.77	34.58	33
2008-09-25	34.07	35.5	33.52
2008-09-26	33.76	37.5	33.29
2008-09-29	36.7	36.7	30.25
2008-09-30	32.4	35.43	31.85
2008-10-01	34.57	38.5	34.22
2008-10-02	37.84	38.44	36.31
2008-10-03	37.86	38.5	34.02
2008-10-06	31.78	33.49	30.78
2008-10-07	29.65	30.24	23.77
2008-10-08	20.35	23.7	20.01
2008-10-09	23.33	24	19.51
2008-10-10	19.4	22.15	18.99
2008-10-13	23.78	24.31	21.65
2008-10-14	26.43	27.21	25
2008-10-15	25.4	26.08	23.6
2008-10-16	24.41	25.02	22.11
2008-10-17	23.54	24.78	23.16
2008-10-20	23.92	24.45	23.01
2008-10-21	23.95	24.92	23.7
2008-10-22	23.44	24.39	21.66
2008-10-23	22.58	23.2	21.56
2008-10-24	20.49	22.27	20.49
2008-10-27	20.87	21.8	20.49
2008-10-28	21.29	23.27	20.02
2008-10-29	23	23.81	22.1
2008-10-30	23.31	23.48	22.17
2008-10-31	22.35	24.17	22.35
2008-11-03	23.97	24.06	23.1
2008-11-04	24.03	24.62	23.47
2008-11-05	24.11	24.35	21.56
2008-11-06	21.62	22.31	19.96
2008-11-07	20.44	20.74	19.95
2008-11-10	21.05	21.14	19.05
2008-11-11	19.15	19.33	18.25
2008-11-12	18.35	18.84	17
2008-11-13	17.16	17.4	14.88
2008-11-14	16.84	18.04	16.2
2008-11-17	16.21	16.28	14.98
2008-11-18	15.17	15.72	14.54
2008-11-19	14.81	14.98	12.93
2008-11-20	12.81	13.24	11
2008-11-21	12.08	12.16	10.01
2008-11-24	12.59	14.85	12.43
2008-11-25	15.23	15.5	13.91
2008-11-26	14.32	15.46	13.75
2008-11-28	15.43	16.39	15.41
2008-12-01	15.59	15.6	12.77
2008-12-02	13.46	14.69	12.91
2008-12-03	13.7	15.18	13.39
2008-12-04	14.74	15.36	13.93
2008-12-05	13.9	15.46	13.75
2008-12-08	16.19	18	16.05
2008-12-09	17.4	17.94	16.9
2008-12-10	17.27	17.36	16.05
2008-12-11	16.33	16.37	14.83
2008-12-12	14.11	15.09	13.9
2008-12-15	15.05	15.1	13.9
2008-12-16	14.18	15.2	13.51
2008-12-17	14.82	15.39	14.5
2008-12-18	14.85	15.11	13.91
2008-12-19	14.07	14.37	13.6
2008-12-22	13.9	14.01	13.21
2008-12-23	13.43	13.58	12.72
2008-12-24	12.75	13.56	12.74
2008-12-26	13.66	13.8	13.29
2008-12-29	13.57	13.73	12.68
2008-12-30	13.09	13.24	12.66
2008-12-31	13.09	14.12	13
2009-01-02	13.92	14.57	13.71
2009-01-05	14.38	14.55	13.89
2009-01-06	14.27	14.81	14.07
2009-01-07	14.11	14.13	13.61
2009-01-08	13.82	13.99	13.35
2009-01-09	13.68	13.78	12.95
2009-01-12	12.86	12.9	11.32
2009-01-13	11.19	11.25	10.46
2009-01-14	10.09	10.48	10.09
2009-01-15	9.7	9.72	7.35
2009-01-16	8.99	9.32	7
2009-01-20	6.48	6.5	5.05
2009-01-21	5.54	6.88	5.36
2009-01-22	6.37	6.4	5.5
2009-01-23	5.37	6.28	5.3
2009-01-26	6.46	6.98	6
2009-01-27	6.3	6.61	6.2
2009-01-28	7.64	7.81	7.1
2009-01-29	6.96	7.2	6.71
2009-01-30	6.88	6.92	6.35
2009-02-02	6.2	6.66	5.82
2009-02-03	6.16	6.16	5.19
2009-02-04	5.47	5.54	4.62
2009-02-05	4.56	4.96	3.77
2009-02-06	5.39	6.49	5.36
2009-02-09	6.57	7.05	6.31
2009-02-10	6.85	6.89	5.48
2009-02-11	5.8	6.14	5.71
2009-02-12	5.72	5.92	5.35
2009-02-13	5.68	5.87	5.55
2009-02-17	5.07	5.2	4.87
2009-02-18	5.16	5.21	4.51
2009-02-19	4.06	4.68	3.86
2009-02-20	3.61	4.09	2.53
2009-02-23	4.29	4.48	3.82
2009-02-24	4.03	4.75	3.86
2009-02-25	4.81	5.5	4.2
2009-02-26	5.61	5.89	5.11
2009-02-27	4.25	4.89	3.95
2009-03-02	3.61	3.92	3.27
2009-03-03	3.95	4.08	3.57
2009-03-04	3.38	4.03	3.38
2009-03-05	3.4	3.51	3.12
2009-03-06	3.29	3.54	3
2009-03-09	3.22	3.77	3.2
2009-03-10	4.35	4.8	4.2
2009-03-11	5.3	5.5	4.51
2009-03-12	4.92	5.99	4.84
2009-03-13	6.25	6.45	5.65
2009-03-16	6.22	6.95	6.03
2009-03-17	6.07	6.36	5.8
2009-03-18	6.36	7.67	6.22
2009-03-19	8.43	8.57	6.82
2009-03-20	6.97	6.99	5.98
2009-03-23	7.37	7.89	6.9
2009-03-24	7.32	7.99	7.07
2009-03-25	7.77	7.99	6.96
2009-03-26	7.88	7.96	7.14
2009-03-27	7.2	7.74	7.13
2009-03-30	6.7	6.75	6.02
2009-03-31	6.36	6.89	6.25
2009-04-01	6.45	7.22	6.44
2009-04-02	7.85	7.87	7.07
2009-04-03	7.09	7.61	6.65
2009-04-06	7.24	7.64	7.14
2009-04-07	7.22	7.58	7.21
2009-04-08	7.49	7.55	6.91
2009-04-09	8.15	9.85	8
2009-04-13	9.4	11.12	9.16
2009-04-14	11.18	11.58	10.06
2009-04-15	9.68	10.52	9.27
2009-04-16	10.89	10.9	10.26
2009-04-17	10.68	11.23	10.3
2009-04-20	9.75	9.89	8.02
2009-04-21	7.21	8.93	7
2009-04-22	8.43	9.24	8.13
2009-04-23	8.59	8.92	8.23
2009-04-24	9.06	9.47	8.7
2009-04-27	8.66	9.29	8.65
2009-04-28	8.04	8.68	8
2009-04-29	8.47	8.84	8.36
2009-04-30	9.12	9.26	8.8
2009-05-01	8.79	9.02	8.55
2009-05-04	8.89	10.45	8.82
2009-05-05	10.27	11.12	10.1
2009-05-06	11.93	12.85	11.51
2009-05-07	14.75	15.07	12.78
2009-05-08	14.23	14.62	13.55
2009-05-11	13.6	13.95	12.94
2009-05-12	13.23	13.28	12.12
2009-05-13	11.93	11.95	11.01
2009-05-14	10.82	11.57	10.61
2009-05-15	11.34	11.63	10.58
2009-05-18	11.55	12.1	11.52
2009-05-19	11.95	12.24	11.25
2009-05-20	11.88	12.24	11.21
2009-05-21	11.45	11.97	11.2
2009-05-22	11.6	11.65	10.75
2009-05-26	10.9	11.27	10.81
2009-05-27	11.32	11.54	10.91
2009-05-28	10.91	11.3	10.57
2009-05-29	11.49	11.5	10.97
2009-06-01	11.41	11.75	11.21
2009-06-02	11.19	11.6	11.1
2009-06-03	11.37	11.54	11.14
2009-06-04	11.37	11.87	11.2
2009-06-05	12.24	12.33	11.86
2009-06-08	11.77	12.18	11.66
2009-06-09	12.14	12.15	11.93
2009-06-10	12.12	12.35	11.93
2009-06-11	12.2	13.22	12.19
2009-06-12	13.3	13.93	13.23
2009-06-15	13.62	13.69	13.16
2009-06-16	13.4	13.4	12.72
2009-06-17	12.56	12.76	12.02
2009-06-18	12.4	12.95	12.34
2009-06-19	13.1	13.35	12.83
2009-06-22	12.88	13.05	11.94
2009-06-23	12.11	12.44	11.93
2009-06-24	12.45	12.67	12.18
2009-06-25	12.09	12.36	12.01
2009-06-26	12.34	12.78	12.27
2009-06-29	12.79	13.19	12.52
2009-06-30	13.26	13.48	12.94
2009-07-01	13.27	13.45	13.04
2009-07-02	12.79	13.05	12.62
2009-07-06	12.47	12.59	11.84
2009-07-07	12.15	12.37	11.95
2009-07-08	12.19	12.29	11.27
2009-07-09	12.1	12.25	11.84
2009-07-10	11.87	11.96	11.58
2009-07-13	12.37	12.99	12.27
2009-07-14	13.21	13.23	12.79
2009-07-15	13.23	13.62	13.1
2009-07-16	13.2	13.43	13.02
2009-07-17	13.25	13.47	12.76
2009-07-20	12.83	12.86	12.12
2009-07-21	12.28	12.4	11.93
2009-07-22	11.96	12.48	11.93
2009-07-23	12.35	12.88	12.2
2009-07-24	12.63	12.78	12.27
2009-07-27	12.56	13.13	12.51
2009-07-28	12.95	13.43	12.91
2009-07-29	13.24	13.75	13.24
2009-07-30	13.87	14.14	13.79
2009-07-31	14.1	14.79	14.02
2009-08-03	15.24	15.62	14.82
2009-08-04	15.19	15.98	15.05
2009-08-05	16.03	16.82	15.84
2009-08-06	17.24	17.35	16.39
2009-08-07	16.98	17.14	16.26
2009-08-10	16.31	16.89	16.16
2009-08-11	16.7	16.85	15.8
2009-08-12	15.53	16.17	15.4
2009-08-13	16.66	17	16.23
2009-08-14	16.98	17.47	16.57
2009-08-17	16.54	16.88	16.4
2009-08-18	16.78	17.08	16.73
2009-08-19	16.6	17.03	16.53
2009-08-20	16.89	17.2	16.87
2009-08-21	17.46	17.6	17.31
2009-08-24	17.81	18.2	17.33
2009-08-25	17.56	18	17.55
2009-08-26	17.76	17.94	17.54
2009-08-27	17.75	17.98	17.59
2009-08-28	18.1	18.25	17.78
2009-08-31	17.57	17.9	17.45
2009-09-01	17.7	17.86	16.41
2009-09-02	16.15	16.73	16.02
2009-09-03	16.59	16.9	16.51
2009-09-04	17.07	17.25	16.92
2009-09-08	17.46	17.51	16.98
2009-09-09	17.02	17.2	16.91
2009-09-10	16.96	17.24	16.7
2009-09-11	17.24	17.29	16.95
2009-09-14	16.68	17.09	16.51
2009-09-15	16.99	17.17	16.76
2009-09-16	16.89	17.3	16.83
2009-09-17	17.31	17.75	17.2
2009-09-18	17.73	17.77	17.51
2009-09-21	17.39	17.44	17.18
2009-09-22	17.68	18.08	17.54
2009-09-23	17.76	18.06	17.49
2009-09-24	17.55	17.7	16.81
2009-09-25	16.95	17.08	16.5
2009-09-28	16.71	17.23	16.65
2009-09-29	17.37	17.53	17.07
2009-09-30	17.26	17.31	16.76
2009-10-01	16.96	17.16	16.18
2009-10-02	15.9	16.49	15.62
2009-10-05	16.67	16.97	16.55
2009-10-06	17.21	17.37	16.71
2009-10-07	17.08	17.35	17.04
2009-10-08	17.57	17.6	17.23
2009-10-09	17.33	17.55	17.23
2009-10-12	17.65	18.03	17.51
2009-10-13	17.94	18	17.48
2009-10-14	18.38	18.64	18.16
2009-10-15	18.33	19.1	17.88
2009-10-16	17.16	17.49	17.06
2009-10-19	17.27	17.53	17.14
2009-10-20	17.22	17.47	17.01
2009-10-21	16.99	17.17	16.46
2009-10-22	16.55	16.67	16.05
2009-10-23	16.65	16.66	16.07
2009-10-26	16.16	16.2	15.07
2009-10-27	15.43	15.54	15.02
2009-10-28	15.43	15.45	15
2009-10-29	15.21	15.78	15.08
2009-10-30	15.7	15.73	14.5
2009-11-02	14.85	15.23	14.12
2009-11-03	14.25	14.93	14.21
2009-11-04	15.18	15.25	14.7
2009-11-05	14.91	15.16	14.72
2009-11-06	14.94	15.24	14.84
2009-11-09	15.29	15.82	15.14
2009-11-10	15.85	16.2	15.73
2009-11-11	16.23	16.62	16.2
2009-11-12	16.36	16.57	15.99
2009-11-13	16.08	16.19	15.85
2009-11-16	16.16	16.26	15.76
2009-11-17	15.81	15.82	15.59
2009-11-18	15.88	16.38	15.87
2009-11-19	16.24	16.47	16.03
2009-11-20	16.03	16.19	15.97
2009-11-23	16.28	16.47	16.17
2009-11-24	16.21	16.31	15.99
2009-11-25	16.21	16.27	15.9
2009-11-27	15.32	15.76	15.2
2009-11-30	15.59	15.89	15.54
2009-12-01	16.04	16.09	15.67
2009-12-02	15.82	15.83	15.54
2009-12-03	16.25	16.74	15.68
2009-12-04	15.76	16.4	15.62
2009-12-07	16.25	16.29	15.83
2009-12-08	15.72	15.86	15.37
2009-12-09	15.45	15.57	15.25
2009-12-10	15.58	15.65	15.09
2009-12-11	15.32	15.7	15.21
2009-12-14	15.67	15.73	15.43
2009-12-15	15.45	15.51	15.15
2009-12-16	15.33	15.44	15.23
2009-12-17	15.27	15.36	14.83
2009-12-18	15.01	15.25	14.88
2009-12-21	15.21	15.44	15.2
2009-12-22	15.36	15.44	15.32
2009-12-23	15.46	15.47	15.15
2009-12-24	15.23	15.28	15.2
2009-12-28	15.31	15.41	15.15
2009-12-29	15.3	15.33	15.1
2009-12-30	15.04	15.1	14.97
2009-12-31	15.09	15.24	15.01

