03/04/03	12100	12145	11801	3639851
04/04/03	11711	12075	11650	3449492
07/04/03	12130	12200	11800	3626969
08/04/03	11834	12130	11800	2093076
09/04/03	11377	11792	11370	3194316
10/04/03	11170	11270	11130	2383896
11/04/03	11300	11410	11110	4694808
14/04/03	11421	11520	11352	1718518
15/04/03	11220	11570	11200	2995234
16/04/03	11286	11340	11151	2941439
17/04/03	11116	11324	11050	2450096
22/04/03	10955	11120	10920	1042377
23/04/03	10900	11075	10900	2950094
24/04/03	10048	10800	10025	3705308
25/04/03	9975	10150	9950	5948002
29/04/03	10000	10200	9820	4289504
30/04/03	10540	10540	9820	5872361
02/05/03	11000	11000	10500	6464274
05/05/03	10815	11200	10815	2617561
06/05/03	10974	11149	10660	2868445
07/05/03	10610	10950	10570	5669344
08/05/03	10225	10590	10175	2669893
09/05/03	10350	10450	10200	1853375
12/05/03	10790	10820	10380	2497936
13/05/03	10900	10950	10770	2135375
14/05/03	11120	11295	10880	4048602
15/05/03	11890	11890	11300	6399227
16/05/03	11680	12000	11680	3723601
19/05/03	11660	11745	11440	3568723
20/05/03	11434	11845	11251	3852764
21/05/03	11300	11450	11110	2638432
22/05/03	11600	11650	11370	1591913
23/05/03	11845	12200	11500	3613996
26/05/03	12010	12060	11845	660733
27/05/03	12120	12200	11930	3608911
28/05/03	12601	12689	12200	2693770
29/05/03	12480	12860	12400	3042675
30/05/03	12550	12805	12380	4082556
02/06/03	12700	12830	12600	2774182
03/06/03	12610	12750	12500	2440892
04/06/03	12950	12970	12640	2454616
05/06/03	12850	13100	12700	1487774
06/06/03	13296	13400	12850	3649302
09/06/03	12915	13350	12900	2663774
10/06/03	12970	13150	12905	2154753
11/06/03	12860	13000	12701	2550010
12/06/03	12731	13170	12731	2572340
13/06/03	12555	12750	12521	1908285
17/06/03	12840	12850	12590	1316580
18/06/03	12785	12950	12735	2109853
19/06/03	12705	12950	12700	6737609
20/06/03	12779	12848	12640	1630171
23/06/03	12600	12750	12580	1047780
24/06/03	12120	12520	12050	1846618
25/06/03	11883	12155	11883	2406810
26/06/03	11700	12050	11680	3727086
27/06/03	11630	11700	11490	4015973
30/06/03	11589	11800	11244	1769325
01/07/03	11334	11600	11250	3473226
02/07/03	11550	11550	11280	5079438
03/07/03	11825	11899	11550	5392602
04/07/03	11450	11870	11300	2733308
07/07/03	11640	11645	11450	3313285
08/07/03	12150	12270	11700	3653034
09/07/03	11990	12376	11900	2335781
10/07/03	11840	11980	11750	1355258
11/07/03	12090	12100	11866	2032101
14/07/03	12600	12600	12100	2568074
15/07/03	12527	12700	12440	2426185
16/07/03	12485	12700	12405	2776312
17/07/03	12212	12430	12110	4547895
18/07/03	12190	12300	12150	1429560
21/07/03	12139	12200	12020	2879866
22/07/03	11850	12000	11850	3890074
23/07/03	11810	11990	11810	4666026
24/07/03	12360	12405	11801	4919518
25/07/03	12890	12950	12176	4120160
28/07/03	12965	13100	12760	4483760
29/07/03	12750	12899	12600	3356773
30/07/03	12730	12875	12680	4464770
31/07/03	12900	12900	12600	5236059
01/08/03	12980	13079	12800	2291761
04/08/03	13120	13168	12905	2968358
05/08/03	13185	13260	13150	7849084
06/08/03	12995	13080	12910	6199348
07/08/03	12890	12999	12700	5985854
08/08/03	13270	13270	12820	4962803
11/08/03	13325	13345	13165	2276733
12/08/03	13575	13600	13325	2518470
13/08/03	13785	14010	13650	7915131
14/08/03	13400	13760	12950	2547556
15/08/03	13550	13630	13370	1815826
18/08/03	13565	13565	13350	2242953
19/08/03	13700	13750	13570	2196842
20/08/03	13520	13755	13450	2338368
21/08/03	14010	14010	13490	3293864
22/08/03	14050	14280	13950	2514080
25/08/03	13970	14000	13910	1049195
26/08/03	13550	14035	13550	1754560
27/08/03	13490	13981	13410	1396889
28/08/03	13690	13695	13351	2099522
29/08/03	13755	13850	13660	2740687
01/09/03	14000	14049	13820	1444542
02/09/03	13526	14150	13526	2825720
03/09/03	13910	13980	13700	1871817
04/09/03	13875	13890	13725	2781401
05/09/03	14132	14250	13850	3512698
08/09/03	14250	14550	14250	3438033
09/09/03	14175	14500	14050	2810622
10/09/03	13720	14111	13720	3818160
11/09/03	13750	13860	13700	2395499
12/09/03	13830	14000	13750	4473510
15/09/03	14000	14100	13834	2067918
16/09/03	14340	14340	14001	2479960
17/09/03	14160	14449	14000	1849240
18/09/03	14051	14235	13920	4081520
19/09/03	14000	14240	14000	3490830
22/09/03	13861	14040	13750	3036665
23/09/03	13565	13865	13521	3739334
25/09/03	13299	13498	13130	4726969
26/09/03	13235	13300	13010	1869151
29/09/03	13162	13280	13060	1234288
30/09/03	12452	13096	12450	2903905
01/10/03	12550	12689	12420	3113456
02/10/03	12850	12899	12528	2660424
03/10/03	13300	13349	12860	2102558
06/10/03	13720	13740	13400	1715159
07/10/03	13190	13500	13100	2498999
08/10/03	13461	13550	13116	3196993
09/10/03	13800	13800	13380	2412014
10/10/03	13767	13860	13630	1876152
13/10/03	14215	14250	13750	4047164
14/10/03	13948	14490	13948	2431199
15/10/03	14010	14220	13900	3225149
16/10/03	14007	14080	13870	3397453
17/10/03	14359	14550	14011	2204478
20/10/03	14282	14500	14200	519593
21/10/03	14100	14400	14100	1675791
22/10/03	13630	14300	13600	2316915
23/10/03	13485	13520	13250	3334545
24/10/03	13480	13520	13260	1199985
27/10/03	13475	13750	13321	969988
28/10/03	13750	13750	13350	2105709
29/10/03	13790	13950	13720	1602834
30/10/03	14199	14300	13600	2278567
31/10/03	14035	14225	13995	2868101
03/11/03	14090	14300	13900	2890279
04/11/03	14440	14505	14161	4042212
05/11/03	14430	14475	14250	2334041
06/11/03	14700	14735	14350	2031492
07/11/03	14820	14990	14700	2483200
10/11/03	14500	14780	14500	1331797
11/11/03	14155	14450	14155	1359177
12/11/03	14366	14400	14120	1558400
13/11/03	14590	14700	14391	3013049
14/11/03	14640	14640	14300	1916185
17/11/03	14050	14555	14015	2748675
18/11/03	13910	14230	13870	2743981
19/11/03	13800	13895	13555	3153326
20/11/03	13432	13960	13360	1868175
21/11/03	13700	13700	13400	2398318
24/11/03	13621	13801	13621	1978728
25/11/03	13565	13745	13555	1393861
26/11/03	13425	13700	13300	1658876
27/11/03	13590	13630	13400	1074154
28/11/03	13625	13650	13460	1744322
01/12/03	13925	13925	13525	2426751
02/12/03	13850	14099	13850	2340988
03/12/03	13275	13900	13150	2555867
04/12/03	13060	13300	12910	3118297
05/12/03	13490	13590	13201	2320530
08/12/03	13450	13645	13250	2442386
09/12/03	13600	13749	13510	2284215
10/12/03	13300	13650	13260	5516905
11/12/03	13149	13500	12850	2288809
12/12/03	13000	13149	12865	1567681
15/12/03	13140	13250	12850	1459322
17/12/03	13200	13340	13000	2432469
18/12/03	13760	13760	13300	3191198
19/12/03	14260	14284	13650	3263637
22/12/03	14500	14789	14163	1941788
23/12/03	14560	14650	14241	1788658
24/12/03	14539	14755	14450	212063
29/12/03	14500	14589	13950	1031901
30/12/03	14325	14629	14200	1443091
31/12/03	14300	14422	14300	437856
02/01/04	14500	14500	14300	1491628
05/01/04	14370	14416	14100	3654694
06/01/04	14750	14750	14150	1830748
07/01/04	14500	14730	14476	3732729
08/01/04	14620	14660	14252	2149375
09/01/04	14679	14880	14490	2541728
12/01/04	15061	15150	14500	2985372
13/01/04	15475	15601	15105	3267135
14/01/04	15900	16030	15610	4678170
15/01/04	15775	15875	15370	4170761
16/01/04	16100	16250	15700	4880441
19/01/04	16080	16124	15800	1728995
20/01/04	15900	16270	15900	2402710
21/01/04	15750	15950	15601	2766699
22/01/04	15939	16150	15770	3326045
23/01/04	16205	16275	15851	5068956
26/01/04	16550	16569	16201	1491374
27/01/04	16451	16579	16180	2996135
28/01/04	16121	16460	16010	4264237
29/01/04	15951	16220	15950	2515247
30/01/04	15940	16050	15741	4296509
02/02/04	15850	16150	15750	2996639
03/02/04	15650	15775	15450	2957497
04/02/04	15700	15790	15480	3241897
05/02/04	15405	15650	15370	3802782
06/02/04	15810	16000	15550	3010514
09/02/04	15825	16099	15800	2718753
10/02/04	15850	15980	15770	2190880
11/02/04	15520	15850	15520	4439880
12/02/04	15705	15899	15475	2937182
13/02/04	16045	16200	15600	3023912
16/02/04	16100	16120	15880	2154164
17/02/04	16430	16454	16101	1936224
18/02/04	16400	16525	16250	2876352
19/02/04	16670	16730	16430	3487123
20/02/04	16500	16740	16375	2525167
23/02/04	16180	16475	16040	1327764
24/02/04	16119	16325	15900	3477070
25/02/04	16260	16400	16051	2880211
26/02/04	16550	16740	16360	2769693
27/02/04	16636	16820	16565	2322108
01/03/04	16830	16870	16600	2513046
02/03/04	17411	17430	16912	3428123
03/03/04	17380	17850	17380	2667529
04/03/04	17150	17400	17060	2324818
05/03/04	17100	17250	16913	1044104
08/03/04	16701	16900	16655	1187602
09/03/04	16500	16650	16351	1590452
10/03/04	16020	16500	15800	3012792
11/03/04	15585	15950	15500	4089412
12/03/04	16000	16100	15400	3599703
15/03/04	15655	16200	15600	2506424
16/03/04	15870	15898	15365	4866144
17/03/04	16150	16160	15850	2466196
18/03/04	16235	16300	15926	7411897
19/03/04	15840	16270	15840	3617589
23/03/04	15450	15760	15370	2583129
24/03/04	14909	15570	14901	3445037
25/03/04	14960	15199	14875	4930428
26/03/04	15150	15250	15050	2716657
30/03/04	15100	15140	14801	5088664
31/03/04	15100	15290	15010	1908067
01/04/04	15375	15420	15000	1032915
02/04/04	15880	15990	15400	2668308
05/04/04	15890	16101	15750	2222207
06/04/04	15700	16000	15561	2537318
07/04/04	15595	15848	15480	5263867
08/04/04	15600	15600	15401	856342
13/04/04	15915	16030	15620	1635456
15/04/04	15400	15700	15200	3374034
16/04/04	15099	15338	15000	987165
19/04/04	15000	15200	14900	3198459
20/04/04	15145	15275	15060	1958640
21/04/04	14550	15040	14510	5547075
22/04/04	14705	14838	14461	5554822
23/04/04	14575	14979	14575	2717239
26/04/04	14790	14880	14600	2550268
28/04/04	14309	14800	14309	3852800
29/04/04	14200	14440	13900	5514393
30/04/04	13900	14164	13666	4619823
03/05/04	13900	14000	13595	1678700
04/05/04	14480	14480	14000	4891987
05/05/04	14350	14599	14320	2350467
06/05/04	14000	14350	13950	2805309
07/05/04	14050	14144	13870	2997833
10/05/04	13560	14000	13502	4201028
11/05/04	13545	13700	13300	5469390
12/05/04	13350	13750	13350	3964191
13/05/04	13350	13750	13350	3493835
14/05/04	12760	13550	12605	4664175
17/05/04	12720	12751	12375	4326116
18/05/04	12750	12940	12601	4739946
19/05/04	13600	13700	12895	5238468
20/05/04	13230	13540	13202	3308741
21/05/04	13555	13890	13335	5101911
24/05/04	13250	13899	13250	5698481
25/05/04	13365	13400	13100	4391840
26/05/04	13650	13700	13501	2725415
27/05/04	13921	14000	13600	2872649
28/05/04	13560	13990	13560	4174767
31/05/04	13799	13800	13560	526933
01/06/04	13630	13777	13550	959832
02/06/04	13501	13845	13501	2583316
03/06/04	13310	13550	13250	2980181
04/06/04	13330	13480	13311	2512501
07/06/04	13720	13760	13451	2449757
08/06/04	13975	14035	13770	3872077
09/06/04	13660	14000	13660	2846481
10/06/04	13499	13840	13499	2479226
11/06/04	13280	13685	13121	2526843
14/06/04	13190	13420	13090	3037606
15/06/04	13101	13250	13080	2223668
17/06/04	13302	13400	12960	8700654
18/06/04	13191	13355	13149	3509664
21/06/04	13000	13400	12901	1860722
22/06/04	12751	13149	12751	1975653
23/06/04	12520	12850	12460	3586490
24/06/04	13050	13094	12680	3606913
25/06/04	13200	13300	13000	3733532
28/06/04	13040	13340	13040	2355575
29/06/04	12940	13000	12650	2924788
30/06/04	12710	13060	12710	3779538
01/07/04	12624	12800	12601	3174711
02/07/04	12301	12659	12301	4172967
05/07/04	12575	12600	12300	1636710
06/07/04	12505	12700	12350	4302939
07/07/04	12400	12665	12400	3136930
08/07/04	12216	12434	12216	3522711
09/07/04	12650	12660	12270	2348138
12/07/04	12579	12730	12579	2437099
13/07/04	12930	12930	12600	2426138
14/07/04	12605	12900	12555	1747818
15/07/04	12765	12880	12700	3182799
16/07/04	12610	12800	12500	7290288
19/07/04	12360	12665	12300	3637449
20/07/04	12350	12450	12211	1809150
21/07/04	12702	12760	12451	2433199
22/07/04	12300	12580	12260	4852068
23/07/04	12550	12695	12400	2876554
26/07/04	12670	12700	12465	1976022
27/07/04	12785	12840	12570	2084937
28/07/04	12920	13060	12800	3958715
29/07/04	13011	13079	12800	2542999
30/07/04	13320	13320	12911	3717189
02/08/04	13401	13450	13125	1388993
03/08/04	13575	13650	13430	3116175
04/08/04	13600	13600	13360	2484788
05/08/04	13550	13800	13500	4371178
06/08/04	13140	13500	13101	3670898
10/08/04	12920	13020	12830	3759836
11/08/04	13030	13175	12950	3677784
12/08/04	13964	14040	13062	5960706
13/08/04	14340	14410	14180	8662004
16/08/04	14940	14940	14075	5042081
17/08/04	14835	15000	14650	4666046
18/08/04	14765	14839	14600	4423321
19/08/04	15140	15210	14720	3041943
20/08/04	15070	15300	14950	1872687
23/08/04	15580	15580	15100	3467718
24/08/04	15069	15580	15050	4265699
25/08/04	14765	15100	14615	2166897
26/08/04	14795	14949	14680	2279274
27/08/04	15171	15239	14800	2746952
30/08/04	15200	15490	15030	637290
31/08/04	15080	15150	14960	3154227
01/09/04	14995	15200	14901	2688586
02/09/04	14875	15000	14750	3878840
03/09/04	14850	14970	14800	2066383
06/09/04	15040	15100	14850	1678917
07/09/04	14690	15000	14660	1818302
08/09/04	14849	14950	14555	2508845
09/09/04	14900	14990	14800	2118516
10/09/04	14900	15118	14820	2334283
13/09/04	14800	15030	14800	802618
14/09/04	14700	14799	14600	2561272
15/09/04	14505	14750	14448	2165698
16/09/04	14899	14899	14500	4567626
17/09/04	15220	15270	14800	3769736
20/09/04	15000	15200	14900	1878241
21/09/04	15031	15170	14900	2551734
22/09/04	15165	15275	15000	3816085
23/09/04	14910	15165	14881	1741998
27/09/04	14632	14899	14580	1257358
28/09/04	15170	15200	14645	3427254
29/09/04	15270	15500	15210	3822891
30/09/04	15400	15470	15145	2804234
01/10/04	15599	15599	15400	1883750
04/10/04	15190	15775	15120	1720373
05/10/04	15260	15300	15040	4248745
06/10/04	15460	15499	15230	2770181
07/10/04	15850	15880	15550	3992200
08/10/04	15765	16049	15670	3875683
11/10/04	15550	15880	15550	3383339
12/10/04	15200	15478	15150	3009273
13/10/04	14796	15290	14700	6152710
14/10/04	14890	14970	14570	3027898
15/10/04	14780	14850	14550	2434192
18/10/04	14465	14740	14455	2517969
19/10/04	14094	14580	14094	3075152
20/10/04	13849	13975	13461	4674055
21/10/04	13930	14060	13705	1672315
22/10/04	13581	13900	13580	1819781
25/10/04	13700	13884	13275	2717627
26/10/04	14200	14249	13710	3782052
27/10/04	13920	14350	13905	2086463
28/10/04	13302	14175	13206	4525244
29/10/04	13390	13600	13270	3426979
01/11/04	13575	13725	13426	1046993
02/11/04	13721	13970	13710	2821966
03/11/04	13601	13950	13560	4147994
04/11/04	13585	13935	13470	3932560
05/11/04	14000	14120	13660	2308351
08/11/04	13751	14090	13751	3691099
09/11/04	14100	14100	13800	4968754
10/11/04	14327	14615	14060	6289491
11/11/04	14570	14648	14370	2257134
12/11/04	14110	14600	14070	2475504
15/11/04	14300	14510	14210	2553250
16/11/04	14200	14299	14080	2783186
17/11/04	14210	14290	14060	3446874
18/11/04	14400	14500	14210	3478071
19/11/04	14370	14450	14278	3114100
22/11/04	13955	14280	13920	4397306
23/11/04	14000	14200	13970	8178610
24/11/04	13940	14100	13880	7713089
25/11/04	13930	14121	13850	11169066
26/11/04	14000	14250	13927	11265573
29/11/04	14170	14250	13951	11161056
30/11/04	13850	14170	13800	39317877
01/12/04	14030	14150	13950	12043320
02/12/04	14100	14250	14025	3528312
03/12/04	13799	14200	13705	2640111
06/12/04	13300	13705	13115	7915292
07/12/04	13330	13330	12890	9818671
08/12/04	13220	13475	13100	10130008
09/12/04	13100	13490	13075	4736649
10/12/04	13060	13280	12970	7055888
13/12/04	12950	13260	12850	2948049
14/12/04	12950	13090	12900	2947114
15/12/04	12895	13120	12895	9386715
17/12/04	13000	13150	13000	4334968
20/12/04	13200	13250	13000	2859053
21/12/04	13280	13350	13100	1451117
22/12/04	13300	13400	13200	1300189
23/12/04	13110	13300	13100	1234359
24/12/04	13300	13300	13150	84128
28/12/04	13235	13300	13200	208488
29/12/04	13267	13391	13100	703763
30/12/04	13350	13400	13220	1184268
31/12/04	13350	13400	13305	105884
03/01/05	13451	13560	13350	376892
04/01/05	13300	13450	13150	1223044
05/01/05	13457	13457	13200	1133059
06/01/05	13970	14025	13470	3617679
07/01/05	13785	14100	13775	2030919
10/01/05	13775	13900	13600	2368401
11/01/05	13784	13899	13575	2330386
12/01/05	13895	14050	13600	2939256
13/01/05	13800	13950	13780	2428951
14/01/05	13931	14065	13871	2044992
17/01/05	13960	14153	13960	1323620
18/01/05	14180	14275	14060	5364918
19/01/05	13935	14275	13910	3568824
20/01/05	13865	14020	13800	3368336
21/01/05	13799	13999	13760	1883163
24/01/05	13855	14000	13751	1954972
25/01/05	13801	13920	13680	1284672
26/01/05	13895	13900	13735	879922
27/01/05	13800	13950	13760	2470027
28/01/05	13800	13860	13700	3208470
31/01/05	13800	13900	13790	3602613
01/02/05	14440	14460	13845	10352244
02/02/05	14915	14990	14400	2907411
03/02/05	14840	14990	14570	3088965
04/02/05	14750	14900	14725	2584186
07/02/05	15121	15150	14870	2828432
08/02/05	15300	15349	15050	4273032
09/02/05	15150	15235	15080	2051197
10/02/05	15150	15250	14875	4230686
11/02/05	14960	15150	14860	2077558
14/02/05	15045	15120	14781	2153342
15/02/05	15011	15100	14900	1168995
16/02/05	14999	15170	14950	3114032
17/02/05	15020	15175	14955	2267790
18/02/05	15101	15265	14905	1741459
21/02/05	15161	15270	15058	1273361
22/02/05	14675	15140	14675	2701695
23/02/05	14320	14740	14300	3552145
24/02/05	14311	14700	14260	1454080
25/02/05	14400	14450	14300	4008234
28/02/05	14550	14750	14450	2046770
01/03/05	14540	14600	14380	2168244
02/03/05	14600	14600	14450	1860800
03/03/05	14850	14850	14501	2125219
04/03/05	14875	14975	14760	1392244
07/03/05	14500	14700	14450	1996064
08/03/05	14310	14559	14310	2727051
09/03/05	14250	14380	14200	2352767
10/03/05	14300	14350	14120	2319259
11/03/05	14149	14285	13960	2259240
14/03/05	14229	14300	14000	1663320
15/03/05	14495	14520	14150	2409178
16/03/05	14880	14990	14535	3351554
17/03/05	15180	15250	14800	7438239
18/03/05	14811	15149	14700	1546589
22/03/05	14751	14900	14625	1458233
23/03/05	14700	15050	14700	4065874
24/03/05	14600	14700	14501	1678969
29/03/05	14730	14920	14700	1536545
30/03/05	14652	14900	14501	2605426
31/03/05	14720	14800	14660	2461373
01/04/05	14899	14920	14700	2372540
04/04/05	14720	14850	14580	821753
05/04/05	14700	14950	14650	1361929
06/04/05	14681	14730	14505	2799625
07/04/05	14600	14700	14565	2117227
08/04/05	14650	14750	14615	2757229
11/04/05	14710	14749	14460	1412492
12/04/05	14701	14810	14700	1571266
13/04/05	14340	14795	14255	2719808
14/04/05	14601	14750	14121	5676323
15/04/05	14575	14600	14210	2075822
18/04/05	14190	14400	14125	3825852
19/04/05	14110	14300	14110	2243083
20/04/05	13900	14230	13900	2538883
21/04/05	13650	13950	13650	3136624
22/04/05	13601	13850	13601	3855768
25/04/05	13700	13750	13500	2938648
26/04/05	13640	13940	13540	2387078
28/04/05	13190	13670	13005	3195116
29/04/05	13400	13635	13120	4616339
03/05/05	13625	13730	13400	2432004
04/05/05	13430	13640	13310	1428879
05/05/05	13550	13665	13350	2145740
06/05/05	13875	13980	13500	2957254
09/05/05	14080	14135	13920	2173988
10/05/05	13882	14250	13882	2349975
11/05/05	13862	14050	13800	2033327
12/05/05	14099	14175	13950	1726942
13/05/05	13705	14050	13680	2267251
16/05/05	14074	14074	13705	1278278
17/05/05	14290	14290	14001	906697
18/05/05	14802	14802	14300	2126898
19/05/05	14700	14890	14660	2411226
20/05/05	15300	15300	14789	2984728
23/05/05	15385	15500	15330	3028592
24/05/05	15630	15630	15200	2828241
25/05/05	15180	15630	15180	2576447
26/05/05	15810	15850	15179	3496307
27/05/05	15920	16120	15810	2569436
30/05/05	16300	16300	15805	1008004
31/05/05	16120	16390	16011	2893802
01/06/05	16420	16540	16050	5013820
02/06/05	16510	16650	16355	2091382
03/06/05	16380	16520	16200	1911397
06/06/05	16195	16473	16100	1592063
07/06/05	15855	16200	15750	2695785
08/06/05	16080	16199	15855	1918477
09/06/05	16250	16400	16175	2475951
10/06/05	16175	16250	15920	3357416
13/06/05	16499	16500	16080	1728723
14/06/05	16530	16530	16260	1801740
15/06/05	16275	16525	16220	4566812
17/06/05	16425	16525	16300	1393286
20/06/05	16450	16481	16250	1792974
21/06/05	16280	16485	16116	679064
22/06/05	16050	16252	16050	1303788
23/06/05	16050	16250	16010	1809086
24/06/05	15655	16100	15601	3809081
27/06/05	15690	15690	15450	2866884
28/06/05	15500	15749	15500	2927532
29/06/05	15740	15795	15570	2969286
30/06/05	15680	15849	15500	2014050
01/07/05	15890	15890	15450	1327865
04/07/05	16060	16070	15810	934648
05/07/05	15890	16150	15801	1986877
06/07/05	15815	15886	15640	1111588
07/07/05	15475	15880	15010	4056013
08/07/05	15800	15800	15596	1526976
11/07/05	15734	15832	15652	2580671
12/07/05	15371	15700	15370	1615632
13/07/05	15565	15650	15350	2557585
14/07/05	15695	15870	15650	2127081
15/07/05	15500	15585	15431	2247161
18/07/05	15620	15625	15336	2010245
19/07/05	15400	15600	15280	6100628
20/07/05	15450	15615	15360	2059034
21/07/05	15800	15920	15410	6993196
22/07/05	16090	16100	15700	5409541
25/07/05	16280	16320	16025	5218271
26/07/05	16320	16399	16120	4684279
27/07/05	16400	16570	16250	5419974
28/07/05	16500	16570	16356	2102481
29/07/05	16575	16779	16550	3034118
01/08/05	16356	16700	16350	1632395
02/08/05	16451	16582	16221	1552286
03/08/05	16850	16850	16460	2167765
04/08/05	16845	16849	16510	2180668
05/08/05	17000	17068	16700	1487685
08/08/05	17220	17350	17001	1334352
10/08/05	16816	17225	16792	1561499
11/08/05	16820	17000	16703	1426496
12/08/05	17068	17094	16830	2470672
15/08/05	17035	17101	16926	1567353
16/08/05	16680	17070	16650	1769105
17/08/05	16480	16700	16350	1904349
18/08/05	16420	16450	16241	1279557
19/08/05	16479	16599	16350	1810047
22/08/05	16570	16600	16425	1332316
23/08/05	16550	16550	16400	1710522
24/08/05	16070	16464	16000	2007203
25/08/05	16007	16020	15816	3033237
26/08/05	15925	16149	15870	3798394
29/08/05	15740	15925	15525	1048738
30/08/05	16025	16094	15851	2134052
31/08/05	16200	16260	16000	1685953
01/09/05	16270	16490	16110	1940323
02/09/05	16450	16450	16230	3494344
05/09/05	16550	16550	16201	834861
06/09/05	16800	16800	16400	2527694
07/09/05	16799	16890	16701	2386992
08/09/05	16625	16790	16565	3388437
09/09/05	16641	16727	16625	596336
12/09/05	16700	16899	16700	1163670
13/09/05	16576	16900	16500	1308795
14/09/05	16815	16815	16550	1290290
15/09/05	17045	17110	16781	4942702
16/09/05	17850	17875	16920	5802142
19/09/05	18245	18249	17871	3230025
20/09/05	18286	18627	18150	2784074
21/09/05	18525	18550	18101	2244918
22/09/05	18270	18699	18250	2725406
23/09/05	18351	18450	18176	2225894
26/09/05	18950	18980	18560	1691169
27/09/05	18580	18950	18520	1838603
28/09/05	19175	19298	18640	2262357
29/09/05	18950	19490	18775	1939387
30/09/05	19100	19149	18780	3017714
03/10/05	18685	19095	18580	1129175
04/10/05	18775	18849	18560	2557972
05/10/05	18401	18650	18320	2017988
06/10/05	18850	18935	18000	4731325
07/10/05	18685	19225	18650	3910176
10/10/05	18575	19000	18511	2149977
11/10/05	18900	19090	18400	2593660
12/10/05	19000	19100	18792	2666678
13/10/05	18450	18989	18240	2782166
14/10/05	18100	18500	18057	4247395
17/10/05	18285	18499	17950	1144739
18/10/05	18200	18710	18150	2226694
19/10/05	17951	18295	17508	4933220
20/10/05	18040	18200	17920	1979657
21/10/05	17775	18049	17701	1353519
24/10/05	18499	18499	17555	1901839
25/10/05	18645	18900	18400	1762818
26/10/05	19470	19499	18456	7477194
27/10/05	19701	20100	19501	6019710
28/10/05	19475	19788	19241	2324830
31/10/05	19670	19850	19415	3192444
01/11/05	19705	19980	19600	4898778
02/11/05	19500	19820	19500	2625073
03/11/05	19950	19950	19605	3360523
04/11/05	19980	20100	19850	1126146
07/11/05	19885	19996	19551	3374123
08/11/05	20021	20280	19900	6440341
09/11/05	20010	20300	19900	2251836
10/11/05	20500	20500	20120	1707518
11/11/05	20599	20599	20300	1645724
14/11/05	21165	21200	20750	2123463
15/11/05	21021	21220	20900	1350214
16/11/05	20605	21250	20521	1501013
17/11/05	20840	21055	20600	2587448
18/11/05	21190	21500	20700	1859204
21/11/05	20950	21190	20880	726847
22/11/05	20960	21200	20811	1616646
23/11/05	20685	21050	20630	1528862
24/11/05	21280	21280	20660	1383814
25/11/05	21000	21340	21000	1353839
28/11/05	20730	21150	20720	2848873
29/11/05	20525	20675	20400	1880077
30/11/05	20210	20800	20210	3711544
01/12/05	20230	20450	20001	3648741
02/12/05	20311	20575	20300	2438929
05/12/05	20100	20430	20050	1124439
06/12/05	20149	20200	19850	1993437
07/12/05	20499	20645	20205	2398578
08/12/05	20420	20600	20241	2225933
09/12/05	21120	21171	20500	2452182
12/12/05	21450	21600	21150	2106864
13/12/05	21061	21300	21000	2127692
14/12/05	21035	21200	20825	2560183
15/12/05	21300	21355	20800	4146088
19/12/05	21390	21729	21200	1145978
20/12/05	21074	21350	20900	694526
21/12/05	21389	21450	21000	1236535
22/12/05	21425	21465	21280	3173330
23/12/05	21415	21520	21370	259458
27/12/05	21877	21877	21390	531099
28/12/05	21510	21600	21401	967108
29/12/05	21480	21600	21360	760650
30/12/05	21370	21450	21300	3251940
03/01/06	21860	21920	21600	1078117
04/01/06	22025	22294	21800	1419704
05/01/06	21610	22500	21595	1363471
06/01/06	21571	21632	21250	1377404
09/01/06	21700	21901	21540	2703422
10/01/06	21010	21600	20933	2232776
11/01/06	20910	21260	20910	2135733
12/01/06	21250	21300	20800	3527061
13/01/06	21015	21425	21000	3296529
16/01/06	21000	21550	20935	5286691
17/01/06	21200	21425	20800	5243605
18/01/06	21095	21287	20900	4920985
19/01/06	21070	21350	21050	4463399
20/01/06	21490	21600	21010	3213096
23/01/06	21220	21299	21000	2220398
24/01/06	21465	21540	21345	3389078
25/01/06	22026	22194	21200	2240596
26/01/06	22695	22975	22150	3794153
27/01/06	23628	23799	23000	4190231
30/01/06	23420	24200	23300	2704033
31/01/06	23450	23539	23101	3008000
01/02/06	23700	23742	23200	1999124
02/02/06	23750	24190	23611	3847737
03/02/06	22856	23600	22856	4232601
06/02/06	23150	23399	22800	2653384
07/02/06	22775	23200	22455	2695738
08/02/06	21830	22300	21625	5469747
09/02/06	22100	22150	21880	3471442
10/02/06	22050	22350	21850	3326645
13/02/06	21700	21980	21300	4054060
14/02/06	21755	22000	21604	6352786
15/02/06	21490	21900	21450	4153365
16/02/06	21055	21600	21055	3947068
17/02/06	22600	22800	20900	5025025
20/02/06	22185	22601	22085	3547630
21/02/06	22750	22850	22300	2813313
22/02/06	23150	23300	22700	3846120
23/02/06	23235	23950	23235	4790522
24/02/06	23001	23500	22600	2155057
27/02/06	23400	23439	22800	1286814
28/02/06	22820	23450	22820	3870123
02/03/06	23100	23528	22600	3582051
03/03/06	23210	23240	22740	3276513
06/03/06	22775	23110	22500	1957578
07/03/06	21500	22650	21500	3474010
08/03/06	21364	21800	21049	4471712
09/03/06	21465	22100	21100	6423611
10/03/06	20950	21465	20800	9272671
13/03/06	21190	21500	20967	2838979
14/03/06	21515	21693	21270	1890547
15/03/06	22200	22342	21662	4409375
16/03/06	22175	22500	21820	5641023
17/03/06	22220	22870	22200	1686434
20/03/06	22840	23251	22360	3141291
22/03/06	22250	22800	22180	2382863
23/03/06	22626	22999	22300	4319831
24/03/06	23200	23480	22700	2737745
27/03/06	23499	23925	23250	1661330
28/03/06	23481	23625	23176	1643531
29/03/06	23460	23755	23320	1451987
30/03/06	24150	24200	23745	2403263
31/03/06	23680	24499	23680	2517120
03/04/06	24110	24200	23711	3030787
04/04/06	24425	24606	23950	3439517
05/04/06	24925	25149	24711	3813115
06/04/06	25200	25400	24800	3550843
07/04/06	24757	25400	24501	4842397
10/04/06	25415	25549	24700	2974336
11/04/06	25970	26380	25836	4584647
12/04/06	25515	25890	25400	2838621
13/04/06	25315	25800	25058	2870916
18/04/06	25787	25999	25620	2935238
19/04/06	26202	26338	25900	2192736
20/04/06	25760	26355	25760	2581901
21/04/06	26400	26400	25400	2553054
24/04/06	26749	27049	26200	2998294
25/04/06	26200	26800	26000	2771320
26/04/06	26605	26790	26340	3553858
28/04/06	25900	25949	25411	1886597
02/05/06	26553	26695	25800	2583085
03/05/06	26400	27300	26350	4411387
04/05/06	26850	27000	26100	3425805
05/05/06	27701	27701	27000	2754912
08/05/06	27900	29100	27331	4041067
09/05/06	28255	28356	27801	1847124
10/05/06	28450	28989	28101	2233831
11/05/06	28870	29500	28710	4920014
12/05/06	28410	29145	28102	2796637
15/05/06	27300	28400	27250	6674082
16/05/06	26531	27350	26460	4808635
17/05/06	25706	27300	25706	4075893
18/05/06	25400	25930	24900	3690351
19/05/06	25010	25992	24751	3355332
22/05/06	23671	24532	23504	5629875
23/05/06	25551	25551	23715	5154734
24/05/06	25050	26200	24701	5781971
25/05/06	25200	25699	24600	3004881
26/05/06	26400	26799	25700	5383978
29/05/06	26639	27100	26150	1502422
30/05/06	26250	26600	25708	4484472
31/05/06	26745	26800	25650	3868833
01/06/06	25800	26900	25691	3438024
02/06/06	26520	26600	25719	2580447
05/06/06	26269	26500	25873	1468152
06/06/06	24950	25790	24950	3575331
07/06/06	24522	25492	24300	2888837
08/06/06	23000	24399	23000	5876663
09/06/06	24085	24900	23303	3727512
12/06/06	24025	24699	23501	3048430
13/06/06	23000	23600	22883	6127181
14/06/06	23500	23800	22700	4500867
15/06/06	25000	25000	23755	10355938
19/06/06	25535	25949	25004	3680639
20/06/06	27000	27000	25200	3354364
21/06/06	27791	27961	27000	2375705
22/06/06	27869	29100	27500	3727273
23/06/06	28200	29000	27812	5232703
26/06/06	28850	29200	28005	3748241
27/06/06	28000	29150	27700	2733997
28/06/06	27480	27894	27218	3557679
29/06/06	28699	28699	27350	2879762
30/06/06	29322	29597	28870	2751780
03/07/06	29200	29500	28910	1803016
04/07/06	29100	29348	28901	1912418
05/07/06	28600	29300	28600	2557950
06/07/06	29150	29340	28950	2946405
07/07/06	29750	30000	28820	2412789
10/07/06	29250	29900	29050	1818014
11/07/06	29152	29524	29000	947772
12/07/06	29567	29995	29200	1975465
13/07/06	28900	29800	28699	3916183
14/07/06	28500	28995	28300	2253347
17/07/06	27801	29000	27706	2857427
18/07/06	27475	27800	27200	2712258
19/07/06	28668	28668	27301	2151405
20/07/06	27935	29249	27800	3316053
21/07/06	27550	27934	27299	2260379
24/07/06	27599	27956	27001	2319701
25/07/06	27751	28298	27600	2217425
26/07/06	27769	28200	27460	1524046
27/07/06	28440	28600	27600	2713311
28/07/06	28720	29026	27805	1502845
31/07/06	29000	29199	28500	2102037
01/08/06	28772	29497	28652	3192760
02/08/06	28999	29250	28569	2098996
03/08/06	28999	29500	28659	2630273
04/08/06	30200	30849	29200	5997156
07/08/06	29600	30310	29528	2225180
08/08/06	29650	30000	29450	4204484
10/08/06	29400	29625	28880	2439837
11/08/06	29700	29975	29500	1508203
14/08/06	30097	30299	29725	1181046
15/08/06	30440	30689	30000	1478905
16/08/06	30495	30750	30150	1743888
17/08/06	31145	31550	30452	5304522
18/08/06	31050	31500	30600	1672596
21/08/06	31976	31976	30900	3368482
22/08/06	32500	32600	32050	2799591
23/08/06	32054	32431	31903	1584744
24/08/06	31850	32496	31551	1632871
25/08/06	31705	31960	31200	5298807
28/08/06	31851	32000	31400	1233347
29/08/06	30805	32100	30798	2595500
30/08/06	31420	31489	30606	1540428
31/08/06	31075	31799	30844	4213841
01/09/06	31965	32100	31000	2643704
04/09/06	32600	32750	31800	1849013
05/09/06	32465	32966	32222	2094220
06/09/06	31780	32500	31500	2376425
07/09/06	30891	31801	30850	3099793
08/09/06	30425	31600	30236	2985166
11/09/06	29101	30300	29101	2642263
12/09/06	29370	29800	28699	3691955
13/09/06	29600	29945	29450	4505596
14/09/06	30255	30700	29600	5049550
15/09/06	29221	30145	29221	3138575
18/09/06	29650	29800	28900	3338576
19/09/06	29575	30279	29575	2870264
20/09/06	29950	29990	28575	4946059
21/09/06	30861	31275	30099	10991116
22/09/06	31268	32150	31110	4076784
26/09/06	31000	31100	30301	3799796
27/09/06	31701	32180	31366	5443030
28/09/06	32700	32750	31855	2874011
29/09/06	32250	33550	32250	4540524
02/10/06	33515	33564	32490	2120273
03/10/06	32560	33700	32351	3163174
04/10/06	32822	33200	32101	4023707
05/10/06	32600	33381	32551	2444104
06/10/06	32475	32745	32116	2674448
09/10/06	33300	33375	32220	3044403
10/10/06	33390	33589	32946	3453568
11/10/06	33150	33339	32835	2949066
12/10/06	33197	33590	32608	2280059
13/10/06	33205	33599	32850	1848853
16/10/06	33825	34000	33410	2671378
17/10/06	33980	34490	33750	3970565
18/10/06	33793	34190	33652	2342759
19/10/06	34291	34400	33400	2319554
20/10/06	34249	34700	33821	2330323
23/10/06	34566	34800	34255	3429587
24/10/06	34355	34898	34150	2823498
25/10/06	34405	34790	34250	3026443
26/10/06	33650	34550	33545	3893534
27/10/06	33650	33950	33101	3295164
30/10/06	33698	33850	33315	1249181
31/10/06	33500	34000	33130	3369451
01/11/06	33900	34194	33400	2798881
02/11/06	34021	34680	33549	2842705
03/11/06	33850	34500	33806	1950063
06/11/06	34600	34600	33750	1360981
07/11/06	34841	35249	34600	1700273
08/11/06	34350	34900	34175	1963121
09/11/06	33730	34540	33675	1851401
10/11/06	34398	35151	33750	2984917
13/11/06	33545	34345	33351	2919835
14/11/06	33500	33999	33400	1655883
15/11/06	33918	33990	33299	2771725
16/11/06	33526	34200	33477	1766386
17/11/06	32675	33700	32563	3617248
20/11/06	33750	33800	32801	3327388
21/11/06	33600	33999	33326	2165452
22/11/06	33569	33950	33325	2628107
23/11/06	33000	33350	32850	2227968
24/11/06	33551	33551	33053	3288347
27/11/06	33101	33700	32900	1754544
28/11/06	32820	33350	32560	3480674
29/11/06	32650	33140	32600	4234302
30/11/06	33250	33642	32899	4824724
01/12/06	33330	33600	32800	1031810
04/12/06	33625	33790	33106	1664844
05/12/06	34601	34601	33550	2121856
06/12/06	34200	34820	33958	3406214
07/12/06	33950	34490	33700	2026625
08/12/06	33375	34030	33291	2715690
11/12/06	33382	33800	33201	3005152
12/12/06	33325	33650	33250	3248065
13/12/06	33500	33762	33000	4313925
14/12/06	34207	34541	33500	4041484
15/12/06	34420	34645	34212	1393042
18/12/06	33622	34500	33622	1098772
19/12/06	33869	34000	33321	2258574
20/12/06	34103	34550	34001	1716471
21/12/06	33900	34274	33410	6240756
22/12/06	33425	33880	33207	1052060
27/12/06	33956	34075	33401	461910
28/12/06	34305	34459	34000	364826
29/12/06	34200	34400	34100	291252
02/01/07	34645	34861	34210	738061
03/01/07	33315	34900	33315	1585007
04/01/07	32768	33300	32488	2332544
05/01/07	32862	33350	32500	1184871
08/01/07	33400	33550	32500	1205525
09/01/07	33264	33700	33048	3004084
10/01/07	33900	34000	33000	3039601
11/01/07	34101	34350	33550	2570142
12/01/07	34427	34798	34170	1546357
15/01/07	34580	34749	34300	1721596
16/01/07	34025	34799	33900	1975182
17/01/07	32800	34100	32650	4469337
18/01/07	32931	33300	32802	4513062
19/01/07	32650	33025	32400	2853051
22/01/07	33280	33490	32988	2454038
23/01/07	33449	33477	32900	3371899
24/01/07	34165	34549	33730	3678087
25/01/07	34650	34800	34000	3082016
26/01/07	33700	34499	33700	3223795
29/01/07	33800	34130	33700	1877297
30/01/07	33925	34099	33367	5107863
31/01/07	33650	34200	33494	2672543
01/02/07	34225	34501	33580	4411230
02/02/07	33700	34400	33574	2264408
05/02/07	33915	33985	33450	3356549
06/02/07	34521	34545	33800	2549146
07/02/07	34700	34750	34170	3271341
08/02/07	34125	34699	33916	3456344
09/02/07	34105	34475	34090	2350928
12/02/07	34650	34825	34300	1980796
13/02/07	35185	35253	34050	2500695
14/02/07	36008	36180	35210	3619200
15/02/07	35950	36890	35633	2898161
16/02/07	35534	36090	35305	1934301
19/02/07	36173	36350	35535	1758040
20/02/07	35999	36580	35999	1978235
21/02/07	35150	36390	35000	3585818
22/02/07	35798	35798	35200	2380516
23/02/07	36100	36150	35300	2371951
26/02/07	36545	36699	36200	1186272
27/02/07	35000	36325	34625	3979072
28/02/07	34402	34900	34083	3199337
01/03/07	33700	34889	33325	3057548
02/03/07	34980	35000	33350	3917683
05/03/07	34124	34400	32500	2249463
06/03/07	34950	34950	34400	2422628
07/03/07	34400	34949	34400	2204127
08/03/07	34525	35350	34525	2203215
09/03/07	35225	35400	34520	2552873
12/03/07	35280	35520	34800	2838856
13/03/07	35290	35589	35112	1756859
14/03/07	34651	34774	34079	2803073
15/03/07	35285	35295	34700	7077957
16/03/07	36000	36050	35200	1681921
19/03/07	36500	36550	36100	2068603
20/03/07	36650	36900	36255	2355683
22/03/07	37300	37880	37250	4113045
23/03/07	37350	37450	37000	1859438
26/03/07	37250	37999	37100	1862463
27/03/07	37658	37900	37451	2178352
28/03/07	37650	37724	37201	1844387
29/03/07	38400	38400	37500	1512847
30/03/07	38300	38378	38021	2247863
02/04/07	38375	38600	38000	1088074
03/04/07	38768	39000	38450	1843227
04/04/07	38600	38975	38230	1692813
05/04/07	38590	38600	38100	1039248
10/04/07	39299	39400	38608	1439967
11/04/07	38875	39499	38857	1152872
12/04/07	38865	39399	38510	2079355
13/04/07	38901	39025	38631	737079
16/04/07	38986	39150	38800	910532
17/04/07	39203	39250	38400	1196642
18/04/07	38200	39400	38063	4572428
19/04/07	37948	38044	37500	3493812
20/04/07	38385	38399	37955	2443983
23/04/07	38602	38602	38100	1192259
24/04/07	37700	38900	37700	1827719
25/04/07	37850	38150	37526	1632422
26/04/07	37280	38500	37206	1881772
30/04/07	37697	38075	37315	1456941
02/05/07	37950	38149	37550	2002176
03/05/07	38110	38380	37603	2694725
04/05/07	39650	39690	38700	2301010
07/05/07	40500	40600	39601	986020
08/05/07	38670	40210	38593	2840134
09/05/07	39405	39887	39120	1811143
10/05/07	39602	39950	39316	2533665
11/05/07	41250	41250	38650	5248074
14/05/07	39172	41190	38959	4716136
15/05/07	39425	39689	38870	4298509
16/05/07	39375	40099	39004	3271060
17/05/07	38936	39749	38701	2692655
18/05/07	40026	40264	38720	1959096
21/05/07	41438	41438	39550	2034984
22/05/07	41151	42050	40850	3352182
23/05/07	41895	41895	41150	1943938
24/05/07	41510	42100	41109	1607080
25/05/07	41225	41437	40301	2249575
28/05/07	41350	41900	41100	403316
29/05/07	41712	41916	41410	2472297
30/05/07	41420	41836	41100	3710844
31/05/07	42592	42759	41725	1913096
01/06/07	43515	43750	42601	1952306
04/06/07	43700	44500	43321	2077678
05/06/07	43600	44011	43336	3118240
06/06/07	42100	43607	41000	5408749
07/06/07	41886	43000	41250	2350623
08/06/07	41890	42043	41100	2342432
11/06/07	42150	42399	41750	3518201
12/06/07	42190	42805	41943	3020469
13/06/07	43350	43400	41543	4946987
14/06/07	43275	43900	42700	3167234
15/06/07	44500	44865	43201	4365060
18/06/07	44300	44797	43900	1617652
19/06/07	43302	44400	43074	1769556
20/06/07	44000	44444	43400	2460028
21/06/07	43510	44500	43100	5734167
22/06/07	43280	43755	43001	1365038
25/06/07	42611	43239	42056	1725219
26/06/07	42590	42800	42250	2137843
27/06/07	41500	42000	41025	5899256
28/06/07	41299	42481	40767	1803951
29/06/07	40950	41250	40401	2693969
02/07/07	44000	44000	40020	2859187
03/07/07	44600	44900	43999	2060735
04/07/07	44593	44950	44499	1470089
05/07/07	45120	45700	44650	1950914
06/07/07	45699	45699	44444	1147205
09/07/07	46575	46799	45700	1648657
10/07/07	45300	46680	45200	1468134
11/07/07	46300	46300	44964	1420490
12/07/07	46600	47065	46100	2204708
13/07/07	47050	47399	46650	1084763
16/07/07	46500	46999	45915	1396817
17/07/07	45865	46500	45735	2044988
18/07/07	44675	45800	44651	1523781
19/07/07	44900	45093	44500	2059843
20/07/07	44990	45799	44669	1750964
23/07/07	45500	45500	43481	722764
24/07/07	44383	46000	44115	2329325
25/07/07	43100	44300	43100	1558233
26/07/07	41800	43400	41406	2171996
27/07/07	39400	41200	39300	3742273
30/07/07	40321	40580	39649	3077865
31/07/07	41400	41750	40201	3125481
01/08/07	40700	41460	39965	4679580
02/08/07	39981	41150	39981	2070735
03/08/07	39800	41250	39800	2465721
06/08/07	38700	40000	38700	3275499
07/08/07	39500	39806	39100	1610435
08/08/07	40500	40820	40100	2490581
10/08/07	38375	39539	37696	3220821
13/08/07	40525	40966	38750	3704523
14/08/07	40200	41799	40200	3147411
15/08/07	40000	40400	38825	5141064
16/08/07	37055	39493	36500	6051181
17/08/07	36600	38900	35650	6295010
20/08/07	38200	38951	37600	2058708
21/08/07	38000	38700	37600	2494404
22/08/07	39900	40050	38300	3080238
23/08/07	39998	41200	39705	2448595
24/08/07	40080	40256	39000	2836924
27/08/07	40700	41199	40400	738076
28/08/07	39750	40624	39702	1657910
29/08/07	39643	40092	38881	1581435
30/08/07	39682	40156	39100	2935814
31/08/07	41097	41350	40225	2225434
03/09/07	41450	41622	40732	906530
04/09/07	41850	41850	40930	1767638
05/09/07	41601	42550	41350	2696988
06/09/07	42500	42993	41500	2518883
07/09/07	40800	43100	40800	2031356
10/09/07	40009	41400	40000	2462989
11/09/07	41045	41099	40000	2639212
12/09/07	40700	41695	40251	1950971
13/09/07	42050	42348	40465	3352760
14/09/07	41820	42300	41015	2932791
17/09/07	41000	41800	40662	3104311
18/09/07	41450	41750	40650	3733105
19/09/07	44625	44625	42755	3579405
20/09/07	44980	45399	44050	5074281
21/09/07	44910	45399	44525	2117697
25/09/07	45141	45975	44208	3660162
26/09/07	45403	45989	44510	3784301
27/09/07	45400	46150	44600	2395387
28/09/07	45750	46200	45064	1638763
01/10/07	47000	47300	45701	1422744
02/10/07	46349	47700	46250	2488034
03/10/07	46003	46831	45804	1826713
04/10/07	46270	46400	44900	1535751
05/10/07	46700	46750	46100	2446512
08/10/07	45600	46890	45425	1336463
09/10/07	46199	46199	45000	1884080
10/10/07	47206	47238	46300	1644360
11/10/07	48050	48655	47100	3790192
12/10/07	46750	47100	46000	3695600
15/10/07	47500	47879	46747	1550069
16/10/07	46669	47470	46107	1971444
17/10/07	45812	46313	45000	3890666
18/10/07	45200	46665	45000	2229929
19/10/07	44313	45655	44313	1311198
22/10/07	42501	43898	42195	2866713
23/10/07	43050	43348	41904	2712981
24/10/07	42400	43098	42350	2644460
25/10/07	42780	42936	42081	1945106
26/10/07	43390	43669	42551	2010614
29/10/07	44700	45200	44000	2114375
30/10/07	44710	45200	44243	2417243
31/10/07	44750	44920	43900	3387002
01/11/07	43593	45401	43238	2798132
02/11/07	42600	43350	42030	3291755
05/11/07	41700	42500	40802	2055726
06/11/07	42820	42995	42001	1902492
07/11/07	43600	43899	42850	4419295
08/11/07	48381	48381	42100	10609547
09/11/07	47389	50100	46844	9672019
12/11/07	46400	48300	45914	3501670
13/11/07	45000	46900	44602	3177470
14/11/07	45050	46300	44751	2353058
15/11/07	43800	45762	43790	3089961
16/11/07	43099	44500	42451	2258780
19/11/07	40900	43095	40600	3721419
20/11/07	40554	40840	38850	5677361
21/11/07	40674	40999	39900	2752686
22/11/07	39750	40550	38550	3581191
23/11/07	42173	42173	39696	3753861
26/11/07	41755	43499	41450	2705494
27/11/07	41050	41900	40800	2192268
28/11/07	41040	41040	39100	3127255
29/11/07	42900	42900	41600	3334772
30/11/07	45500	46200	43702	3692675
03/12/07	45412	46290	44800	1647512
04/12/07	43950	45099	43500	1595824
05/12/07	44912	44912	43800	1616581
06/12/07	44811	45500	43800	1784731
07/12/07	45900	48600	44150	2534170
10/12/07	47000	47194	45100	1210132
11/12/07	45990	47099	45713	1613260
12/12/07	45600	46200	44300	1341245
13/12/07	43700	45100	43700	1641918
14/12/07	41888	44499	41650	2738961
18/12/07	41713	41899	39900	2333512
19/12/07	40450	41989	39848	2220796
20/12/07	40100	40700	39722	5741086
21/12/07	41650	41650	40400	1845479
24/12/07	42349	42450	41900	1192183
27/12/07	42505	42973	42250	1210026
28/12/07	42299	42551	41650	623891
31/12/07	41502	42501	40989	634775
02/01/08	41940	42288	41200	835756
03/01/08	41475	41889	40800	2244653
04/01/08	41400	43000	41100	2027214
07/01/08	40300	41350	40050	2081979
08/01/08	40100	40600	39800	2658823
09/01/08	38696	40622	38350	2930489
10/01/08	37800	39400	37750	2461797
11/01/08	38000	38687	36900	3214276
14/01/08	38620	39100	37600	1719970
15/01/08	38620	39893	38620	2265159
16/01/08	38000	38500	36985	3272710
17/01/08	36970	37850	35600	6105462
18/01/08	36900	37300	35300	4627590
21/01/08	34570	35700	34000	7726413
22/01/08	33799	35000	30900	9295793
23/01/08	34353	35880	33685	6402357
24/01/08	37510	37600	35600	4832391
25/01/08	37616	38500	36000	5593240
28/01/08	35200	36500	34600	4629231
29/01/08	36800	37400	35505	1992919
30/01/08	38899	38980	36450	3321712
31/01/08	39800	40272	38302	3896224
01/02/08	42750	45300	40310	5475362
04/02/08	42800	45000	41650	2882710
05/02/08	42000	43500	41010	3471295
06/02/08	42919	43450	40400	3629360
07/02/08	44150	44600	42600	5471200
08/02/08	44915	45405	43550	5967221
11/02/08	44295	45149	44200	1851176
12/02/08	46166	46253	44450	2507896
13/02/08	45600	46232	44950	3180704
14/02/08	46900	47400	46230	2394112
15/02/08	45000	46701	44888	1683888
18/02/08	46294	46294	44668	977504
19/02/08	47090	47550	46000	1956811
20/02/08	48190	48366	46250	2986660
21/02/08	49850	50620	48499	2980158
22/02/08	48758	49799	48730	2075021
25/02/08	48072	49399	45670	1561070
26/02/08	49205	49205	47600	1757877
27/02/08	48619	50000	48013	1613225
28/02/08	49300	49400	48350	2316828
29/02/08	49858	50000	49021	2706064
03/03/08	50393	50597	49000	1661283
04/03/08	52650	52685	50300	3067747
05/03/08	52550	53000	51307	3100012
06/03/08	54655	55000	53000	3486065
07/03/08	53600	55400	53400	2429046
10/03/08	50510	53400	50210	2071830
11/03/08	48960	50600	48960	3130417
12/03/08	50500	50797	49076	1899839
13/03/08	49964	50397	49020	1822676
14/03/08	50600	51350	49800	1738913
17/03/08	49575	50700	48200	2366663
18/03/08	48350	49000	46820	2510273
19/03/08	47510	49895	47474	2846556
20/03/08	44005	46000	43700	5106494
25/03/08	45267	45700	44350	2895720
26/03/08	47200	48098	44900	2421331
27/03/08	48225	49050	47350	2723670
28/03/08	48500	49800	47700	1501035
31/03/08	48050	49291	47505	1609314
01/04/08	47000	48713	46160	2145260
02/04/08	46864	47800	45600	4410226
03/04/08	47464	47850	47026	1402842
04/04/08	48745	49198	47502	1700247
07/04/08	50850	51297	50000	1713459
08/04/08	49650	50681	49100	1610740
09/04/08	52150	52150	49900	2012587
10/04/08	52100	52150	51000	1928765
11/04/08	51460	52590	50675	1621035
14/04/08	50560	51194	49902	1020587
15/04/08	51100	51718	50241	1474934
16/04/08	53167	53350	51718	2835618
17/04/08	53095	53898	52500	2974037
18/04/08	52099	54450	51200	2933386
21/04/08	52699	53300	52206	1409625
22/04/08	52600	53299	51900	1308866
23/04/08	52700	53880	51900	2182175
24/04/08	51582	53100	51093	2251443
25/04/08	51001	52100	50171	1743915
29/04/08	48251	49993	48251	1982611
30/04/08	49497	49547	48000	5344893
05/05/08	50950	51500	50500	710398
06/05/08	52050	52050	50750	2426122
07/05/08	50800	51600	50800	1920870
08/05/08	51554	51800	48765	1606867
09/05/08	50950	52099	50700	2309449
12/05/08	50270	51421	49900	2166422
13/05/08	49548	50856	49250	2342138
14/05/08	50649	51550	50150	3363467
15/05/08	51300	51600	49900	2947576
16/05/08	51800	52790	51401	1795519
19/05/08	53748	53899	52105	1526671
20/05/08	52700	54150	52105	3023994
21/05/08	52728	53249	52014	1955369
22/05/08	54200	54990	53000	2793367
23/05/08	51701	53510	51701	3892230
26/05/08	52695	52800	51400	951179
27/05/08	52225	52823	51600	5162242
28/05/08	53050	53200	51051	4118375
29/05/08	52080	53489	51105	5102913
30/05/08	51568	51869	49700	3782394
02/06/08	51805	52269	51200	2459560
03/06/08	51850	52250	51201	1901554
04/06/08	51450	52100	50868	1907758
05/06/08	50950	51300	50005	2350900
06/06/08	50350	51950	50200	2447811
09/06/08	51539	51800	50100	2169259
10/06/08	51375	52510	50750	3414069
11/06/08	49700	51651	49450	2543305
12/06/08	50700	50900	49132	2659972
13/06/08	50501	50995	49400	2074449
17/06/08	54750	54850	51910	3896932
18/06/08	53250	55350	53250	2972040
